object_id,base_id,name,hero_name,attack_cycle_override,mana_override,abilities
hpea,hpea,,,,,"A907,A0TA,A0TC,A0TE,A0TF,A0TG,A0TH,Avul"
u00D,ushd,기상천외한 기능 추가,,,,"Aeth,A900"
u00C,ushd,이세계 유닛 활성화,,,,"Aeth,A900"
u00B,ushd,UI,,,,"Aloc,Aeth,A900"
u00A,ushd,UI,,,,"Aloc,Aeth,A900"
u009,ushd,UI,,,,"Aloc,Aeth,A900"
u008,ushd,단축된 라운드속도,,,,"Aeth,A900"
u007,ushd,상위유닛 30% 잠금,,,,"Aeth,A900"
u006,ushd,게임스타트,,,,"Aeth,A900"
u005,ushd,난이도 - 악몽,,,,"Aeth,A900"
u004,ushd,난이도 - 신,,,,"Aeth,A900"
u003,ushd,난이도 - 지옥,,,,"Aeth,A900"
u002,ushd,난이도 - 어려움,,,,"Aeth,A900"
u001,ushd,난이도 - 보통,,,,"Aeth,A900"
u000,ushd,난이도 - 쉬움,,,,"Aeth,A900"
o032,otbk,에단바론 V. 나스쥬로 - 오로성,,,,"A13H,A0IQ,Avul"
o031,otbk,제이가르시아 새턴 - 오로성,,,,"A13H,A0IQ,Avul"
o02S,otbk,[퀘스트]거프,,,,"A11S,A04M,A04O,A04N,A04P,A11P,A04R,A04Q"
o02R,otbk,[퀘스트]푸른꿩,,,,"A11S,A04M,A04O,A04N,A04P,A11P,A04R,A04Q"
o02Q,otbk,[퀘스트]노란원숭이,,,,"A11S,A04M,A04O,A04N,A04P,A11P,A04R,A04Q"
o02O,ogru,고런트-일반잡몹,,,,"Aeth,A11S,A04M,A04O,A04N,A04P,A04Q,A04R"
o02N,otbk,[퀘스트]후샤.D.뉴에이지,,,,"A911,A11S,A04M,A04O,A04N,A04P,A11P,A04R,A04Q"
o02M,otbk,[퀘스트]붉은개,,,,"A11S,A04M,A04O,A04N,A04P,A11P,A04R,A04Q"
o02L,otbk,[퀘스트]모리아,,,,"A11S,A04M,A04O,A04N,A04P,A11P,A04R,A04Q"
o02K,otbk,[퀘스트]클리크,,,,"A0K1,A11S,A04M,A04O,A04N,A04P,A11P,A04R,A04Q"
o02J,otbk,[퀘스트]와포루,,,,"A11S,A04M,A04O,A04N,A04P,A11P,A04R,A04Q"
o02I,ogru,레벨 80 잡몹,,,,"Aeth,A11S,A04M,A04O,A04N,A04P,A04Q,A04R"
o02H,ogru,레벨 65 오로치,,,,"Aeth,A11S,A04M,A04O,A04N,A04P,A11P,A04R,A04Q"
o02G,ogru,레벨 60 제우스,,,,"Aeth,A11S,A04M,A04O,A04N,A04P,A11P,A04R,A04Q"
o02F,otbk,[퀘스트]피카,,,,"A11S,A04M,A04O,A04N,A04P,A11P,A04R,A04Q"
o02E,otbk,토프먼 워큐리 - 오로성,,,,"A13H,A0IQ,Avul"
o02D,otbk,[퀘스트]깅,,,,"A0K0,A11S,A04M,A04O,A04N,A04P,A04R,A04Q"
o02C,otbk,레벨 60 [보스]빅 맘,,,,"A11S,A04M,A04O,A04N,A04P,A11P,A04R,A04Q"
o02B,otbk,레벨 65 [보스]카이도,,,,"A11S,A04M,A04O,A04N,A04P,A11P,A04R,A04Q"
o028,ogru,레벨 56 호미즈,,,,"Aeth,A11S,A04M,A04O,A04N,A04P,A11P,A04R,A04Q"
o027,ogru,레벨 63 퀸,,,,"Aeth,A11S,A04M,A04O,A04N,A04P,A11P,A04R,A04Q"
o026,ogru,레벨 61 바질 호킨스,,,,"Aeth,A11S,A04M,A04O,A04N,A04P,A11P,A04R,A04Q"
o025,ogru,레벨 62 잭,,,,"Aeth,A11S,A04M,A04O,A04N,A04P,A11P,A04R,A04Q"
o024,ogru,레벨 79 잡몹,,,,"Aeth,A11S,A04M,A04O,A04N,A04P,A04Q,A04R"
o023,ogru,레벨 77 잡몹,,,,"Aeth,A11S,A04M,A04O,A04N,A04P,A04Q,A04R"
o022,ogru,레벨 76 잡몹,,,,"Aeth,A11S,A04M,A04O,A04N,A04P,A04Q,A04R"
o021,ogru,레벨 59 샬롯 카타쿠리,,,,"Aeth,A11S,A04M,A04O,A04N,A04P,A11P,A04R,A04Q"
o020,ogru,레벨 58 샬롯 스무디,,,,"Aeth,A11S,A04M,A04O,A04N,A04P,A11P,A04R,A04Q"
o01Z,otbk,레벨 50 [보스]센고쿠,,,50,"A11S,A04M,A04O,A04N,A04P,A11P,A04R,A04Q"
o01Y,otbk,레벨 40 [보스]루치,,,40,"A11S,A04M,A04O,A04N,A04P,A11P,A04R,A04Q"
o01X,otbk,레벨 30 [보스]에넬,,,30,"A11S,A04M,A04O,A04N,A04P,A11P,A04R,A04Q"
o01W,otbk,레벨 20 [보스]크로커다일,,,20,"A11S,A04M,A04O,A04N,A04P,A11P,A04R,A04Q"
o01V,otbk,레벨 10 [보스]아론,,,10,"A11S,A04M,A04O,A04N,A04P,A11P,A04R,A04Q"
o01U,ogru,레벨 51 호디존스,,,,"Aeth,A11S,A04M,A04O,A04N,A04P,A11P,A04R,A04Q"
o01T,ogru,레벨 49 아카이누,,,,"Aeth,A11S,A04M,A04O,A04N,A04P,A11P,A04R,A04Q"
o01S,ogru,레벨 55 트레볼,,,,"Aeth,A11S,A04M,A04O,A04N,A04P,A11P,A04R,A04Q"
o01R,ogru,레벨 54 피카,,,,"Aeth,A11S,A04M,A04O,A04N,A04P,A11P,A04R,A04Q"
o01Q,ogru,레벨 53 시저,,,,"Aeth,A11S,A04M,A04O,A04N,A04P,A11P,A04R,A04Q"
o01O,ogru,레벨 45 키자루,,,,"Aeth,A11S,A04M,A04O,A04N,A04P,A11P,A04R,A04Q"
o01N,ogru,레벨 52 베르고,,,,"Aeth,A11S,A04M,A04O,A04N,A04P,A11P,A04R,A04Q"
o01M,ogru,레벨 48 미호크,,,,"Aeth,A11S,A04M,A04O,A04N,A04P,A11P,A04R,A04Q"
o01L,ogru,레벨 47 마젤란,,,,"Aeth,A11S,A04M,A04O,A04N,A04P,A11P,A04R,A04Q"
o01H,ogru,레벨 46 마리골드,,,,"Aeth,A11S,A04M,A04O,A04N,A04P,A11P,A04R,A04Q"
o01G,ogru,레벨 31 폭시,,,,"Aeth,A11S,A04M,A04O,A04N,A04P,A11P,A04R,A04Q"
o01F,ogru,레벨 42 오즈,,,,"Aeth,A11S,A04M,A04O,A04N,A04P,A11P,A04R,A04Q"
o01E,ogru,레벨 43 모리아,,,,"Aeth,A11S,A04M,A04O,A04N,A04P,A11P,A04R,A04Q"
o01D,ogru,레벨 44 쿠마,,,,"Aeth,A11S,A04M,A04O,A04N,A04P,A11P,A04R,A04Q"
o01B,ogru,레벨 41 압살롬,,,,"Aeth,A11S,A04M,A04O,A04N,A04P,A11P,A04R,A04Q"
o01A,ogru,레벨 38 루치,,,,"Aeth,A11S,A04M,A04O,A04N,A04P,A11P,A04R,A04Q"
o019,ogru,레벨 37 카쿠,,,,"Aeth,A11S,A04M,A04O,A04N,A04P,A11P,A04R,A04Q"
o018,ogru,레벨 36 재브라,,,,"Aeth,A11S,A04M,A04O,A04N,A04P,A11P,A04R,A04Q"
o017,ogru,레벨 35 블루노,,,,"Aeth,A11S,A04M,A04O,A04N,A04P,A11P,A04R,A04Q"
o015,ogru,레벨 39 찌질이 스팬담,,,,"Aeth,A11S,A04M,A04O,A04N,A04P,A11P,A04R,A04Q"
o012,ogru,레벨 34 쿠마도리,,,,"Aeth,A11S,A04M,A04O,A04N,A04P,A11P,A04R,A04Q"
o011,ogru,레벨 33 후쿠로,,,,"Aeth,A11S,A04M,A04O,A04N,A04P,A11P,A04R,A04Q"
o010,ogru,레벨 32 칼리파,,,,"Aeth,A11S,A04M,A04O,A04N,A04P,A11P,A04R,A04Q"
o00Z,ogru,레벨 57 샬롯 크래커,,,,"Aeth,A11S,A04M,A04O,A04N,A04P,A11P,A04R,A04Q"
o00Y,ogru,실험용,,,,"Aeth,A11S,A04M,A04O,A04N,A04P,A04Q,A04R"
o00X,ogru,레벨 29 슈라,,,,"Aeth,A11S,A04M,A04O,A04N,A04P,A11P,A04R,A04Q"
o00V,ogru,레벨 28 오움,,,,"Aeth,A11S,A04M,A04O,A04N,A04P,A11P,A04R,A04Q"
o00U,ogru,레벨 27 게다츠,,,,"Aeth,A11S,A04M,A04O,A04N,A04P,A11P,A04R,A04Q"
o00T,ogru,레벨 25 베라미,,,,"Aeth,A11S,A04M,A04O,A04N,A04P,A11P,A04R,A04Q"
o00S,ogru,레벨 24 와포루,,,,"Aeth,A11S,A04M,A04O,A04N,A04P,A11P,A04R,A04Q"
o00R,ogru,레벨 23 도르돈,,,,"Aeth,A11S,A04M,A04O,A04N,A04P,A11P,A04R,A04Q"
o00Q,ogru,레벨 22 마리모,,,,"Aeth,A11S,A04M,A04O,A04N,A04P,A11P,A04R,A04Q"
o00P,ogru,레벨 21 체스,,,,"Aeth,A11S,A04M,A04O,A04N,A04P,A11P,A04R,A04Q"
o00O,ogru,레벨 19 Mr.1,,,,"Aeth,A11S,A04M,A04O,A04N,A04P,A11P,A04R,A04Q"
o00N,ogru,레벨 17 Mr.3,,,,"Aeth,A11S,A04M,A04O,A04N,A04P,A11P,A04R,A04Q"
o00M,ogru,레벨 14 Mr.6,,,,"Aeth,A11S,A04M,A04O,A04N,A04P,A11P,A04R,A04Q"
o00L,ogru,레벨 81 잡몹2,,,,"Aeth,A11S,A04M,A04O,A04N,A04P,A04Q,A04R"
o00K,ogru,레벨 64 킹,,,,"Aeth,A11S,A04M,A04O,A04N,A04P,A11P,A04R,A04Q"
o00J,otbk,[퀘스트]바제스,,,,"A11S,A04M,A04O,A04N,A04P,A11P,A04R,A04Q"
o00I,ogru,레벨 01 알비다,,,,"Aeth,A11S,A04M,A04O,A04N,A04P,A11P,A04R,A04Q"
o00H,ogru,레벨 15 Mr.5,,,,"Aeth,A11S,A04M,A04O,A04N,A04P,A11P,A04R,A04Q"
o00G,ogru,레벨 16 Mr.4,,,,"Aeth,A11S,A04M,A04O,A04N,A04P,A11P,A04R,A04Q"
o00F,ogru,레벨 13 Mr.9,,,,"Aeth,A11S,A04M,A04O,A04N,A04P,A11P,A04R,A04Q"
o00E,ogru,레벨 18 Mr.2,,,,"Aeth,A11S,A04M,A04O,A04N,A04P,A11P,A04R,A04Q"
o00D,ogru,레벨 06 캡틴 크로,,,,"Aeth,A11S,A04M,A04O,A04N,A04P,A11P,A04R,A04Q"
o00C,ogru,레벨 12 스모커,,,,"Aeth,A11S,A04M,A04O,A04N,A04P,A11P,A04R,A04Q"
o00B,ogru,레벨 09 하찌,,,,"Aeth,A11S,A04M,A04O,A04N,A04P,A11P,A04R,A04Q"
o00A,ogru,레벨 03 해적사냥꾼조로,,,,"Aeth,A11S,A04M,A04O,A04N,A04P,A11P,A04R,A04Q"
o009,ogru,레벨 04 모건,,,,"Aeth,A11S,A04M,A04O,A04N,A04P,A11P,A04R,A04Q"
o008,ogru,레벨 05 캡틴 버기,,,,"Aeth,A11S,A04M,A04O,A04N,A04P,A11P,A04R,A04Q"
o007,ogru,레벨 26 사토리,,,,"Aeth,A11S,A04M,A04O,A04N,A04P,A11P,A04R,A04Q"
o006,ogru,레벨 07 깅,,,,"Aeth,A11S,A04M,A04O,A04N,A04P,A11P,A04R,A04Q"
o005,ogru,레벨 08 클리크,,,,"Aeth,A11S,A04M,A04O,A04N,A04P,A11P,A04R,A04Q"
o004,ogru,레벨 02 찌질한 해왕류,,,,"Aeth,A11S,A04M,A04O,A04N,A04P,A11P,A04R,A04Q"
o003,ogru,레벨 11 타시기,,,,"Aeth,A11S,A04M,A04O,A04N,A04P,A11P,A04R,A04Q"
o002,ogru,고런트-체력2000만,,,,"Aeth,A11S,A04M,A04O,A04N,A04P,A04Q,A04R"
o001,otbk,레벨 55 [보스]도플라밍고,,,,"A11S,A04M,A04O,A04N,A04P,A11P,A04R,A04Q"
o000,ogru,고런트-보스,,,,"Aeth,A11S,A04M,A04O,A04N,A04P,A04Q,A04R"
n00K,ncp2,이동포탈,,,,
n00G,ndog,3단계 크립 슈슈,,,4,"Amim,A911,A11S,A04M,A04O,A04N,A04P,A04Q,A04R,A10R"
n00F,nrac,2단계 크립 파파구,,,4,"Amim,A911,A11S,A04M,A04O,A04N,A04P,A04Q,A04R,A10R"
n00E,nfro,1단계 크립 듀공,,,4,"Amim,A911,A11S,A04M,A04O,A04N,A04P,A04Q,A04R,A10R"
n00D,nfgo,12. 홀케이크섬,,,0,"A11S,A04M,A04O,A04N,A04P,A11P,A08Q,A04R,A04Q"
n00C,nfgo,11. 드레스로자,,,0,"A11S,A04M,A04O,A04N,A04P,A11P,A08Q,A04R,A04Q"
n00B,nfgo,13. 와노쿠니,,,0,"A11S,A04M,A04O,A04N,A04P,A11P,A08Q,A04R,A04Q"
n00A,nfgo,9. 어인섬,,,0,"A11S,A04M,A04O,A04N,A04P,A11P,A08Q,A04R,A04Q"
n009,nfgo,14. 에그헤드,,,0,"A11S,A04M,A04O,A04N,A04P,A11P,A08Q,A04R,A04Q"
n008,nfgo,8. 마린포드,,,0,"A11S,A04M,A04O,A04N,A04P,A11P,A08Q,A04R,A04Q"
n007,nfgo,7. 임펠다운,,,0,"A11S,A04M,A04O,A04N,A04P,A11P,A08Q,A04R,A04Q"
n006,nfgo,6. 샤봉디제도,,,0,"A11S,A04M,A04O,A04N,A04P,A11P,A08Q,A04R,A04Q"
n005,nfgo,5. 스릴러바크,,,0,"A11S,A04M,A04O,A04N,A04P,A11P,A08Q,A04R,A04Q"
n004,nfgo,4. 워터세븐,,,0,"A11S,A04M,A04O,A04N,A04P,A11P,A08Q,A04R,A04Q"
n003,nfgo,3. 하늘섬,,,0,"A11S,A04M,A04O,A04N,A04P,A11P,A08Q,A04R,A04Q"
n002,nfgo,2. 알라바스타,,,0,"A11S,A04M,A04O,A04N,A04P,A11P,A08Q,A04R,A04Q"
n001,nfgo,10. 펑크해저드,,,0,"A11S,A04M,A04O,A04N,A04P,A11P,A08Q,A04R,A04Q"
n000,nfgo,1. 로그타운,,,0,"A11S,A04M,A04O,A04N,A04P,A11P,A08Q,A04R,A04Q"
h0F5,hfoo,!!!!!오브젝트스킬더미,,,1000,"Amrf,Avul,Aloc"
h0D5,hfoo,!!!!!만능더미,,,1000,"Aloc,Amrf,Avul"
h0CP,hrif,코비 콤비네이션 - 전설,,0.71,,"Avul,A1CU,A1CX"
h0CN,hrif,사랑의 도시락 - 전설,,0.38,,"Avul,A0HM,A0HN"
h0CM,hrif,히바리 - 전설,,4.5,,"Avul,A0HI,A0HJ,A0HK,A0HR,A0HL,A912"
h0CK,hrif,카쿠 - 변화,,0.8,,"A10R,A1BF,Avul,A0GP,A0TX"
h0CJ,hrif,시모츠키 류마 - 영원,,0.71,150,"A906,A1BD,A1B9,Avul,AInv,A1BI,A1BH,A1BJ,A1BK,A127"
h0CI,hrif,퀸 - 왜곡 ,,0.85,65,"A0QH,Avul,A0H6,A0H7,A0H8"
h0CG,hrif,선물상자 - 신비,,0.38,,"A10P,Avul"
h0CF,hfoo,!0707_히간테플루르,,2.0,,"Aloc,Avul,A0B7"
h0CE,hrif,고죠 사토루[무량공처] - 신비,,1.01,185,"A909,Avul,A13I,A0ZS,A0ZV,A0ZW,A0ZY,A0ZX"
h0CD,hrif,콘파쿠 요우무 - 신비 분신,,0.71,120,"A13I,Aloc,Avul,A0ZL,A0ZM"
h0CC,hrif,콘파쿠 요우무 - 신비,,0.71,120,"A909,A13I,Avul,A0ZI,A0ZH,A0ZK,A0ZJ,A0ZD,A0ZM"
h0CA,hrif,킨에몬 - 전설,,0.39,,"A0OA,A19D,Avul"
h0C7,hrif,류마 - 영원,,0.0,,"A127,Aloc,Avul"
h0C5,hfoo,!!!!!만능더미,,,1000,"Aloc,Amrf,Avul"
h0C3,hrif,특성포인트,,1.25,,Avul
h0BR,hrif,꾸러미 상자 - 초월,,0.8,135,"A149,A0KA,Avul"
h0BM,hrif,센고쿠 - 불멸 ,,0.7,,"A905,A16P,A0LY,A0LZ,A142,A0GA,A0HY,Avul"
h0BJ,hrif,부유물3불멸,,0.88,,"A13T,Aloc,Avul"
h0BI,hrif,부유물1불멸,,0.98,,"A13T,A13Q,A13O,Avul,Aloc"
h0BH,hrif,부유물2불멸,,0.8,,"A13T,Aloc,A13R,A13P,Avul"
h0BG,hrif,가이몬 - 특수,,,,"A0DD,A0DH,A801,Avul"
h0BF,hrif,카마도 네즈코 - 신비,,1.0,60,"A909,A13I,Avul,A0X1,A0X2,A0X3,A0X6"
h0BC,hrif,타츠마키 - 신비,,0.79,75,"A909,A13I,Avul,A0WW,A0WX,A0WZ,A0WY"
h0BB,hrif,옥졸수 미노리노케로스 - 불멸 ,,,,"A0CQ,Avul"
h0BA,hrif,옥졸수 미노코알라 - 불멸 ,,,,"A0C9,Avul"
h0B9,hrif,옥졸수 미노지브라 - 불멸 ,,,,"A0BU,Avul"
h0B8,hrif,옥졸수 미노타우로스 - 불멸 ,,,,"Avul,A0BX"
h0AX,hfoo,물품 지원,,,,Aloc
h0AV,hrif,펄스건 뉴게이트 - 불멸 ,,0.73,,"A905,A09P,A0SC,A0SD,A0SE,A0SF,Avul,A120"
h0AN,hrif,세라핌 등급 유닛,,1.25,,Avul
h0AL,hfoo,특성 포인트 구매,,,,Aloc
h0AK,hfoo,목재 구입,,,,Aloc
h0AJ,hrif,제우스 탈취한 번개 - 초월,,0.71,100,"Aloc,Avul"
h0AI,hrif,킹 - 제한,,0.64,60,"A907,A0SA,A0S3,A0S4,A0S5,A0S6,Avul"
h0AH,hrif,킹 - 전설,,0.92,,"A10A,A132,A05T,Avul,A05U,A05W,A912"
h0AG,hfoo,공격시 10% 확률로 발동,,,1000,"Aloc,Amrf,Avul"
h0AF,hrif,우타 - 영원,,0.67,100,"A14M,A906,A0D1,A0D2,A0D3,A0D4,A14L,AInv,Avul"
h0AD,hrif,카이도 - 불멸 ,,1.25,,"A905,A0PS,A0PX,A0PY,A0Q1,A0Q3,A0Q4,A0Q5,Avul"
h0AC,hrif,히그마 - 신비,,0.76,,"A909,A13I,Avul,A0XU,A0XR,A0XQ,A0XV"
h0A9,hrif,시노부 쿠노이치 - 전설-소환됨,,0.73,,"Agho,Avul,Aloc"
h0A8,hrif,진짜 시노부 - 전설,,0.7,,"A0UH,Avul,A07A,A07B,A07F,A912,A120"
h0A7,hrif,환락가의 여왕 - 히든,,0.6,,"Avul,A07N,A0GO,A0GP,A120"
h0A6,hrif,야쿠모 유카리 - 신비,,0.85,125,"A909,A13I,Avul,A0Z8,A0Z9,A0ZA,A0ZB"
h0A4,hrif,그린블러드 - 유닛에게 사용시 변신,,1.25,,Avul
h0A3,hrif,S-호크 - 세라핌,,0.7,,"A13W,A13X,A13U,A13K,A13C,Avul"
h0A2,hrif,료우기 시키 - 신비,,0.57,115,"A909,A13I,Avul,A0VZ,A0W1,A0W2,A0W3"
h0A1,hrif,S-베어 - 세라핌,,0.69,,"A098,A099,A140,A13Z,A143,A13K,A13C,Avul"
h0A0,hrif,S-샤크 - 세라핌,,0.8,,"A147,A146,A145,A13K,A13C,Avul"
h09Z,hrif,네코마무시 - 전설,,0.92,,"Avul,A0AG,A0AH,A0AI,A0AJ,A912"
h09Y,hrif,S-스네이크 - 세라핌,,0.76,,"A13S,A13M,A06J,A13K,A13C,Avul"
h09X,hrif,X-드레이크 - 희귀,,0.61,,"A132,A05W,A108,A07Y,A0B9,A0QZ,Avul"
h09W,hrif,나미카제 미나토 - 신비,,0.73,100,"A909,Avul,A0VT,A0VU,A0VX,A13I,A0VY,A0VW"
h09V,hrif,바제스 - 왜곡 ,,1.15,,"A138,A03J,A139,A0QH,Avul"
h09U,hrif,순백의 여제 - 영원,,0.74,175,"A906,A0RN,A0NN,A0NO,A0NQ,A0NR,A0NS,A120,Avul"
h09T,hrif,폭시 - 특수,,0.82,,"A12T,A12U,A801,Avul"
h09S,ewsp,!1203_Star Platinum,,,,"Aloc,Avul"
h09R,hrif,쿠죠 죠타로 - 신비,,0.92,145,"A909,A13I,Avul,A0XD,A0XE,A0XF,A0XJ,A0XG"
h09Q,hrif,마르코 - 제한,,0.93,,"A907,AInv,Avul,A17K,A172,A173,A174,A19E,A1B0"
h09P,hrif,해바라기 - 초월,,5.0,,"Avul,A12S,A0VI,A0LB"
h09O,hrif,먹깨비 - 초월,,5.0,,"Avul,A12S,A0VI,A12W"
h09N,hrif,부릉냐 - 신비,,0.77,145,"A909,A13I,Avul,A0XK,A0XL,A0XM,A0XN"
h09M,hrif,고죠 사토루 - 신비,,1.01,185,"A909,Avul,A13I,A0ZS,A0ZU,A0ZV,A0ZW"
h09L,hrif,이치의 율자 - 랜덤전용,,0.71,,"A800,A0XT,A0YA,Avul"
h09K,hrif,옌 - 랜덤전용,,0.9,,"A800,A19V,A0Y8,Avul"
h09J,hrif,백설콩 - 초월,,5.0,,"Avul,A12S,A0VI,A12V"
h08S,hrif,샬롯 브륄레 - 전설,,0.85,,"A114,Avul,A912"
h08R,hrif,코즈키 오뎅 - 영원,,0.64,145,"A906,A19C,A0YF,A0Y2,A0Y0,A0XY,A0XZ,Avul"
h08Q,hrif,알비다 - 제한,,4.5,55,"A907,Avul,A0MR,A0MV,A0MW,A0MX,A0MY,A0MZ"
h08P,hrif,완두콩 - 초월,,5.0,,"Avul,A12S,A0VI,A08K"
h08O,hrif,마르코 - 제한,,0.64,,"A907,A175,A15N,A172,A173,A174,A179,A1B0,AInv,Avul"
h08N,hrif,베티 - 특수,,0.75,,"A801,A0DQ,A0LL,A0LK,A0LJ,Avul"
h08M,hrif,아냐 포저 - 신비,,0.7,75,"A909,A13I,Avul,A10K,A10J,A10M,A10N,A10O"
h08L,hrif,저주의 인형 - 초월,,0.25,,"A0PO,A0PP,A0PM,A0PE,Avul"
h08K,hrif,후샤 - 초월,,0.9,,"Aloc,Avul"
h08I,hrif,쿠치키 뱌쿠야 - 신비,,0.94,145,"A909,Avul,A0W9,A0WA,A0WC,A0WD,A0WB"
h08H,hrif,삭풍불멸,,0.17,,"Aloc,Avul"
h08G,hrif,실버즈 레일리 명왕 - 불멸 소환됨,,0.58,115,"Agho,Aloc,Avul,A0J4"
h08F,hrif,바니걸 페로나 - 왜곡 ,,0.82,100,"A120,A0QH,A0BI,A0BJ,A0BK,A0BL,Avul"
h08D,hrif,나미 미라쥬템포 분신 - 초월,,0.65,,"Aloc,Avul"
h08C,hbla,도박소 2,,,,"Asud,Avul"
h08A,hbla,도움소,,,10000,"A07W,A07T,A07X,A0BZ,A082,A07Z,A07U,A07V,A0BY,A081,Avul"
h089,hbla,군함,,,,"A0BZ,Avul"
h088,hrif,!0808_UtaTotmuzika,,0.7,35,"A0D9,A0D8,Avul,Aloc"
h087,hrif,아마츠키 토키 - 전설,,0.91,,"Avul,A06L,A06M,A912"
h086,hrif,시노부 - 제한 (소환됨),,0.68,,"A0UB,Agho,Avul,Aloc"
h085,hrif,시노부 쿠노이치 - 전설-소환됨,,0.73,,"Agho,Avul,Aloc"
h084,hrif,시노부 - 제한,,0.67,,"A907,A0ZE,A05D,A0UT,A0UB,A0UA,A0UJ,A0U9,Avul"
h083,hrif,샌즈 - 신비,,0.7,100,"A909,A13I,Avul,A0X8,A0X9,A0XA,A0XC,A0XB,AInv"
h082,hfoo,로얄로더이펙트,,,1000,"Aloc,Amrf,Avul"
h081,hrif,더글라스 불릿 - 불멸 ,,1.2,150,"A905,Avul,AInv,A0WU,A0WK,A0WL,A0WT,A0WR,A203"
h080,hrif,!1205_Effect Dustwind Smoke,,,1000,"Aloc,Amrf,Avul"
h07Z,hrif,고성의 백작 - 영원,,0.93,175,"A906,A0OB,A0CE,A0OD,A0OF,A0OH,A120,A0AF,Avul"
h07Y,hrif,"!1202,!1205_Effect Blue--Zhendi",,,1000,"Aloc,Amrf,Avul"
h07X,hrif,!1205_Effect New Daoguang Blue,,,1000,"Aloc,Amrf,Avul"
h07W,hrif,!1205_Effect BY_Wood_Effect_Order_DanGe_LiangYiShi_ZhiSiZhiMoYanZhanJi Blue,,,1000,"Aloc,Amrf,Avul"
h07V,hrif,!1205_Effect AZ_Dust Rush 01,,,1000,"Aloc,Amrf,Avul"
h07U,hrif,!1205_Effect Rapid Cut,,,1000,"Aloc,Amrf,Avul"
h07T,hrif,!1203_Effect AZ-Slash-White,,,1000,"Aloc,Amrf,Avul"
h07S,hrif,!1205_Effect Dustwind TX012A,,,1000,"Aloc,Amrf,Avul"
h07R,hrif,시키의 함대,,0.75,125,"A0Z7,Avul"
h07Q,hrif,!1205_Effect Shock Wave Blue,,,1000,"Aloc,Amrf,Avul"
h07P,hrif,!0907_MarineShip,,0.71,,"Aloc,Avul"
h07O,hrif,카이도 사황'백수의 왕' - 불멸,,2.25,,"Aloc,Avul"
h07N,hrif,베이비5 - 변화,,0.52,,"A10R,A0CR,A0R0,A0R1,Avul"
h07M,hrif,카이도 - 불멸 ,,1.41,,"A0P0,A905,A0PX,A0PY,A0Q1,A0Q2,A0Q3,A0PZ,Avul"
h07L,hrif,캐럿 - 히든,,0.7,,"A0K7,Avul,A07N,A0G2,A0G0"
h07K,hrif,골드,,1.25,,Avul
h07J,hrif,캐럿 스론 - 변화,,0.85,,"A10R,A0RD,A0RE,A0RF,A0RG,A0RH,Avul"
h07I,hrif,샬롯 카타쿠리 - 제한,,0.61,,"A0VR,A0RM,A0RO,A0RQ,A1AQ,A907,Avul"
h07H,hrif,망가진 장난감 - 전설,,0.38,,"A080,Avul"
h07G,hrif,삼천세계공격더미 검호의 제자 - 초월,,0.25,,"A090,Avul,Aloc"
h07F,hrif,바위 낙하 - 변화,,0.48,,"A051,Avul,A07E,Aloc"
h07E,hrif,!1205_Effect Dust Wave Ice,,,1000,"Aloc,Amrf,Avul"
h07D,hrif,!1205_Effect AZ_KingLeoric(SDWZ)_E,,,1000,"Aloc,Amrf,Avul"
h07C,hrif,!1205_Effect [DZ.Spell]006_Blue,,,1000,"Aloc,Amrf,Avul"
h07B,hrif,!1203_Effect Ora Ora Font,,,1000,"Aloc,Amrf,Avul"
h07A,hvlt,미션,,,,"Avul,Asud"
h079,hrif,거인족 - 초월,,1.85,,"A0NM,Avul"
h078,hrif,해적 총병 - 전설,,,,Avul
h077,hrif,광대 해적 - 변화,,0.83,,Avul
h076,hrif,엠포리오 이완코브 - 히든,,0.87,,"A0DF,A0DP,Avul"
h075,hrif,보물상자 - 바운티헌터,,0.38,,"A0KQ,Avul"
h074,hrif,!1205_Effect AZ_Slash Splash Sky_birth,,,1000,"Aloc,Amrf,Avul"
h073,hrif,야가미 라이토 - 랜덤전용,,0.73,,"A800,A19S,A0Y7,Avul"
h072,hrif,하네카와 츠바사 - 랜덤전용,,0.52,,"A800,A0YK,A0YG,A0YV,Avul"
h071,hrif,쿠로사키 이치고 - 랜덤전용,,0.49,,"A800,A0Z0,A0Z4,A19T,Avul"
h070,hrif,이사야마 요미 - 랜덤전용,,1.18,,"A800,A0Y9,A0YX,A0YL,Avul"
h06Z,hrif,엘리자베스 - 랜덤전용,,0.55,,"A800,A1AD,A0YJ,A0YO,A0YT,Avul"
h06Y,hrif,카미조 토우마 - 랜덤전용,,0.6,,"A800,A0Y6,A0YM,A0YW,Avul"
h06X,hrif,센토 이스즈 - 랜덤전용,,2.08,,"A800,A19U,A0Y5,A0YR,Avul"
h06W,hrif,요츠바! - 랜덤전용,,0.65,,"A800,A12C,A0YY,A0YP,Avul"
h06V,hrif,우즈마키 나루토 - 랜덤전용,,0.5,,"A800,A0Y3,A0Y1,A0Y4,Avul"
h06U,hrif,K - 랜덤전용,,0.58,,"A800,A19W,A0XX,A0YI,A0YH,Avul"
h06T,hrif,페이몬 - 랜덤전용,,0.71,100,"A800,A0YB,A0YC,A0QG,Avul"
h06S,hbla,연구소,,,,Avul
h06R,hbla,강화소 2,,,,Avul
h06Q,hbla,강화소 1,,,,"AInv,Avul"
h06P,hrif,장난감 - 전설,,0.3,,"Avul,A07D"
h06O,hrif,장난감 - 희귀,,0.3,,"A03A,Avul"
h06N,hrif,No.31 - 전설,,0.39,,Avul
h06M,hrif,!1204_Effect TX_Shanguang5z,,,1000,"Aloc,Amrf,Avul"
h06L,hrif,랜덤전용유닛,,1.25,,Avul
h06K,hrif,아이템,,1.25,,Avul
h06J,hfoo,!모델출력확인용,,,1000,"Aloc,Amrf,Avul"
h06I,hrif,라운드 제한,,1.25,,Avul
h06H,hrif,카벤딧슈 하쿠바 - 영원,,0.11,20,"Aloc,Avul"
h06G,hrif,행운의 토큰,,1.0,,"A0K9,A0OV,A0JE,A080,Avul"
h06F,hfoo,돈도박 하급,,,,Aloc
h06E,hfoo,!0528_toki,,,1000,"Aloc,Amrf,Avul"
h06D,hfoo,유닛도박,,,,Aloc
h06C,hfoo,유닛도박,,,,Aloc
h06B,hfoo,유닛도박,,,,Aloc
h06A,hrif,길드 테조로 - 영원,,0.7,,"A906,A11G,A11F,A11I,A11J,A11K,AInv,Avul"
h069,hfoo,유닛도박,,,,Aloc
h068,hrif,나미 미라쥬템포 분신 - 초월,,0.65,,"Aloc,Avul"
h067,hrif,우타 - 영원,,0.67,100,"A14M,A906,A0D1,A0D2,A0D3,A0D4,A14L,AInv,Avul"
h066,hrif,!1204_Effect Yellow Flash 2,,,1000,"Aloc,Amrf,Avul"
h065,hrif,메구밍 - 랜덤전용,,4.0,,"A800,A0YN,Avul,A10V"
h064,hrif,!1204_az_jugg_e3,,,1000,"Aloc,Amrf,Avul"
h063,hfoo,공격시 7.5% 확률로 발동,,,1000,"Aloc,Amrf,Avul"
h062,hbla,도박소 1,,,,Avul
h061,hrif,목재,,0.95,,Avul
h060,hrif,해적선,,0.9,,"A0BB,A0JE,Avul"
h05Z,hfoo,체력 95 필요,,,1000,"Aloc,Amrf,Avul"
h05Y,hrif,고대의 배 - 희귀,,1.2,,"A0KB,A0KC,A0OE,Avul"
h05X,hrif,실버즈 레일리 - 희귀,,0.85,,"A07Y,A01S,A0F8,A17T,Avul"
h05W,hrif,네펠타리 비비 - 변화,,0.74,,"A10R,A0R6,A0R7,A0R8,Avul"
h05V,hrif,포트거스.D.에이스 - 왜곡 ,,0.6,,"A0QH,A13J,A14K,A0R9,Avul"
h05U,hrif,!#연구소 효과,,0.66,,"Aloc,Avul"
h05T,hrif,"!1203,!1204_Effect Fuzzy Stomp",,,1000,"Aloc,Amrf,Avul"
h05S,hrif,돈키호테 도플라밍고 - 변화,,0.61,,"A10R,A0QW,A0QX,A0QY,Avul"
h05R,hrif,페루 - 특수,,0.82,,"A801,A0LR,A0LS,Avul"
h05Q,hrif,블고리 - 특수,,1.0,,"A801,A0LM,Avul"
h05P,hrif,오타마 - 특수,,1.0,,"A801,A0OV,A0LQ,Avul"
h05O,hrif,아이스버그 - 특수,,,,"A801,A0DI,A0LP,Avul"
h05L,hrif,사보 - 희귀,,0.96,,"A0FW,A0JV,A07Y,A0B9,Avul"
h05K,hrif,페로나 - 희귀,,0.4,,"A07Y,A03R,A0B9,Avul"
h05J,hrif,실버즈 레일리 명왕 - 불멸 소환됨,,0.58,115,"Agho,Avul,Aloc,A0J4"
h05I,hrif,레베카 - 제한,,0.88,120,"A907,A0TD,A0TA,A0TC,A0TE,A0TF,A0TG,A0TH,Avul"
h05H,hrif,모건 - 특수,,0.13,,"A801,A055,Avul"
h05G,hrif,패트릭 레드필드 - 제한,,0.52,,"A907,A0G5,A0GM,A0W7,A0GK,A0CZ,A1AV,Avul"
h05F,hrif,크로커다일 - 제한,,0.56,,"A907,A02U,A031,A04L,Avul,A004,A003,A041"
h05E,hrif,갓 에넬 - 제한,,0.75,145,"A907,A19R,A19Q,A0E5,A0E6,A0U4,A0NT,Avul"
h05D,hrif,장군좀비 그림자 - 전설,,1.25,,"A065,Avul"
h05C,hrif,보아 핸콕 - 영원,,0.74,175,"A906,A0RN,A0NN,A0NO,A0NQ,A0NR,A0NS,Avul"
h05B,hrif,카벤딧슈 - 영원,,0.71,100,"A126,A0TI,A0TK,A0TM,A0TN,A0TO,A906,Avul"
h05A,hrif,버기 - 영원,,0.82,,"A906,A0N2,A0N3,A0N4,A0NJ,A0NK,A0NL,Avul,A0BT"
h059,hrif,포트거스.D.에이스 - 영원,,0.58,185,"A906,A0IK,A0HT,A0HV,A0HW,Avul,A0MB,A193"
h058,hrif,쥬라클 미호크 - 영원,,0.93,175,"A906,A0OB,A0CE,A0OD,A0OF,A0OH,A0AF,Avul"
h057,hrif,네펠타리 비비 - 영원,,0.74,150,"A12M,A906,A0L8,A0L9,A0LA,A0LD,A0LE,A0LC,Avul"
h056,hrif,노획물품,,0.71,,"Avul,A080"
h055,hrif,스튜시 - 히든,,0.6,,"Avul,A07N,A0GO,A0GP"
h054,hfoo,"!0411,!0727_tree_oak_lv1",,,1000,"Aloc,Amrf,Avul"
h053,hrif,"!1202,1204_Effect LB_hdg",,,1000,"Aloc,Amrf,Avul"
h052,hrif,!1204_Effect Rasengan Whirl,,,1000,"Aloc,Amrf,Avul"
h051,hrif,변화가능횟수,,1.25,,Avul
h050,hrif,!1204_Effect NECancelDeath,,,1000,"Aloc,Amrf,Avul"
h04Z,hrif,"!1203,!1204_Effect CharmTarget",,,1000,"Aloc,Amrf,Avul"
h04Y,hrif,미저리 강철 풍선 - 불멸,,0.9,,"Aloc,Avul"
h04X,hrif,!1204_Effect Dead Spirit by Deckai2,,,1000,"Aloc,Amrf,Avul"
h04W,hrif,!1204_Effect Almagest,,,1000,"Aloc,Amrf,Avul"
h04V,hhou,!동동주식만능더미,,,,"Avul,Aloc"
h04U,hrif,블랙마리아 - 왜곡 ,,0.84,,"A0QH,Avul,A0RK,A09R,A0T5,A0T8,A0T9"
h04T,hrif,f로우 감마나이프 분신 - 초월,,0.64,,"Avul,Aloc"
h04S,hrif,바솔로뮤 쿠마 - 초월,,1.0,,"Avul,A07O"
h04R,hfoo,마나 150 필요,,,1000,"Aloc,Amrf,Avul"
h04Q,hrif,빅 맘 - 불멸 ,,1.15,,"A905,A116,A0RV,A0RW,A0RX,A0RY,A0RZ,AInv,Avul"
h04P,hrif,!1204_Minato_rasengan3,,,1000,"Aloc,Amrf,Avul"
h04O,hrif,!0808_UtaSoldier,,0.33,,"A0D9,A0DA,Avul,Aloc,A07O"
h04N,hrif,!1205_Effect BY_Wood_DanGe_ZhanJi_DaoGuang_6_12_birth,,,1000,"Aloc,Amrf,Avul"
h04M,hfoo,!0902_레일리,,,1000,"Aloc,Amrf,Avul"
h04L,hrif,!1204_Effect Canying Yellow,,,1000,"Aloc,Amrf,Avul"
h04K,hrif,!1204_Effect AZ_Slash Splash Yellow,,,1000,"Aloc,Amrf,Avul"
h04J,hrif,골.D.로져 - 불멸 ,,0.49,150,"A905,Avul,A0JM,A0JN,A0JO,A0JP,A0JQ,A0WJ,A0WI,A11E"
h04I,hrif,아기 라분 - 초월,,5.0,,"Avul,A0VI,A0VK,A0VN"
h04H,hrif,쥬라클 미호크 - 희귀,,0.75,,"A07Y,A0F4,A0B9,Avul"
h04G,hrif,제트 - 불멸 ,,0.66,160,"A905,Avul,A0QP,A0QQ,A0QR,A0QS,A0QT,A11C"
h04F,hrif,스코퍼 가반 - 불멸 ,,0.24,45,"A905,Avul,A0IG,A0IH,A0IM,A0IN,A0IQ,A0IR,A0IL,A0IP"
h04E,hrif,센고쿠 - 불멸 ,,0.7,,"A905,A0LY,A0WS,A0LZ,A142,A0GA,A0HY,Avul"
h04D,hrif,몽키.D.드래곤 - 불멸 ,,0.61,160,"A905,A0V0,A0JV,A0KG,A0KF,A0KE,A0KH,Avul"
h04C,hrif,몽키.D.거프 - 불멸 ,,0.63,160,"A905,A0VE,A0SM,A0SN,A0SP,A0SQ,A0SS,Avul"
h04B,hrif,금사자 시키 - 불멸 ,,0.49,125,"A905,A0T1,A0T3,A0QK,A0QL,A0QM,A0QO,Avul"
h04A,hrif,흰수염 - 불멸 ,,0.73,,"A905,A0AQ,A0SB,A0SC,A0SD,A0SE,A0SF,Avul"
h049,hrif,실버즈 레일리 - 불멸 ,,0.58,115,"A905,Avul,A0J5,A0J6,A0J7,A0J8,A0JA,A0JB,A11O"
h048,hrif,페로나 - 왜곡 ,,0.82,100,"A0QH,A0BI,A0BJ,A0BK,A0BL,Avul"
h047,hrif,피셔 타이거 - 히든,,0.49,,"A0DZ,A0E0,A0E1,A07N,Avul"
h046,hrif,키쿠노죠 - 히든,,0.62,35,"A07N,Avul,A0FY,A0FZ"
h045,hrif,킬러 - 히든,,0.6,,"A07N,Avul,A0H3,A0H4,A0H5"
h044,hrif,류마 - 히든,,0.67,,"A0C7,A07N,Avul"
h043,hrif,쥬라클 미호크 - 히든,,1.05,,"A07N,Avul,A0GV,A0GW,A0GY,A0GZ,A0H0"
h042,hrif,시노부 - 전설,,0.7,,"A0UH,Avul,A07A,A07B,A07F,A912"
h041,hrif,아오키지 - 히든,,0.79,,"A07N,Avul,A0G8,A0G9,A0GB"
h040,hrif,아인 - 제한,,0.79,,"A907,A130,A0IC,A0ID,A0IE,A0IF,Avul"
h03Z,hrif,아카이누 - 히든,,0.75,,"A0YQ,A07N,Avul,A0GC,A0GD"
h03Y,hrif,엠포리오 이완코브 - 히든,,0.86,,"A0DF,A0DP,A07N,Avul"
h03X,hrif,방주맥심 - 히든,,0.64,150,"A1A5,A0BG,A0BH,A07H,A07N,Avul"
h03W,hrif,베르고 - 히든,,0.81,100,"A07N,Avul,A0GQ,A0GR,A0GS"
h03V,hrif,코알라 - 왜곡 ,,0.84,135,"A0QH,A0DJ,A0DK,A0DL,Avul"
h03U,hrif,레드포스호 - 히든,,0.64,,"A0BC,A0BD,A0BE,A0BF,A07N,Avul"
h03T,hrif,레베카 - 히든,,0.82,,"A007,A07N,Avul,A0G3,A0G4"
h03S,hrif,울티 - 전설,,1.02,,"Avul,A06D,A06E,A06F,A912"
h03R,hrif,반 더 데켄 - 히든,,0.66,95,"A0DV,A0DW,A12K,A07N,Avul"
h03Q,hrif,모비딕호 - 히든,,1.3,,"A0C0,A0C1,A0C2,A07N,Avul"
h03P,hrif,발라티에 - 히든,,0.28,,"A0BP,A0BO,A0BQ,A07N,Avul"
h03O,hrif,봉쿠레 - 히든,,0.94,,"A0DG,A0DF,A07N,Avul"
h03N,hrif,료쿠규 - 히든,,0.95,85,"A07N,Avul,A0GG,A0GH,A0GI,A0GJ"
h03M,hrif,사보 용조권 - 히든,,0.83,,"A0DM,A0DN,A0DO,A07N,Avul"
h03L,hrif,사우전드 써니호 - 히든,,0.45,100,"Avul,A0HC,A0HD,A07N,A0HE"
h03K,hrif,쵸파 유력강화 - 전설,,0.85,,"A1A6,Avul,A0CU,A0CV,A0CW,A0WF,A912"
h03J,hrif,비의 시류 - 히든,,0.7,100,"A0C3,A0C4,A0C5,A07N,Avul"
h03I,hrif,제파 - 전설,,0.63,,"A06A,Avul,A06B,A06C,A912"
h03H,hrif,샬롯 크래커 - 전설,,0.6,,"A0S0,Avul,A08W,A08X,A08Y,A912"
h03G,hrif,징베 - 전설,,0.85,85,"A063,Avul,A064,A067,A066,A912"
h03F,hrif,카르가라 - 전설,,0.51,100,"A08G,Avul,A05Z,A060,A062,A061,A912"
h03E,hrif,코비 - 전설,,0.57,115,"Avul,A05I,A05J,A912"
h03D,hfoo,마나 130 필요,,,1000,"Aloc,Amrf,Avul"
h03C,hrif,트라팔가 로우 - 전설,,0.64,,"Avul,A05N,A05O,A05P,A05Q,A912"
h03B,hrif,흰수염 - 전설,,0.74,,"A0AQ,Avul,A06G,A06I,A06H,A912"
h03A,hrif,실버즈 레일리 - 전설,,0.58,115,"Avul,A06O,A0TB,A06Q,A06R,A912"
h039,hrif,금사자 시키 - 전설,,0.75,,"Avul,A06T,A0MQ,A912"
h038,hrif,시저 크라운 - 전설,,0.38,,"Avul,A08U,A08V,A912"
h037,hrif,슈가 - 전설,,0.73,,"Avul,A070,A071,A06Z,A912"
h036,hrif,센고쿠 - 전설,,0.67,,"Avul,A072,A073,A074,A912"
h035,hrif,샹크스 - 전설,,0.66,,"Avul,A076,A077,A078,A912"
h034,hrif,상디 슈트코스 - 전설,,0.45,,"Avul,A08Z,A0JT,A912"
h033,hrif,빈스모크 레이쥬 - 전설,,0.88,,"Avul,A090,A091,A092,A093,A912"
h032,hrif,보아 핸콕 - 전설,,0.76,,"A094,Avul,A09T,A912"
h031,hrif,후지토라 잇쇼우 - 전설,,0.95,,"A05K,Avul,A05L,A912"
h030,hrif,바솔로뮤 쿠마 - 전설,,0.69,115,"Avul,A098,A099,A09A,A09B,A912"
h02Z,hrif,바르토로메오 - 전설,,0.71,,"Avul,A09D,A09F,A09E,A09H,A09I,A912"
h02Y,hrif,루피 나이트메어 - 전설,,1.4,,"Avul,A09U,A09V,A09W,A912"
h02X,hrif,블랙마리아 - 전설,,0.84,,"A18P,A0DU,A09S,Avul,A912"
h02W,hrif,몽키.D.드래곤 - 전설,,0.77,,"Avul,A09L,A09K,A09J,A09M,A09N,A09O,A912"
h02V,hrif,스모커 - 전설,,0.84,50,"Avul,A06W,A06X,A06Y,A912"
h02U,hrif,검은수염 - 전설,,0.72,,"Avul,A09Y,A09Z,A0A0,A912"
h02T,hrif,마르코 환수종 - 전설,,0.64,,"A011,Avul,A0A3,A0A4,A0A5,A912"
h02S,hrif,조로 죽음의경지 - 전설,,0.79,,"Avul,A0A7,A0A8,A0A9,A912"
h02R,hrif,로브 루치 - 전설,,0.52,,"Avul,A0AB,A0AC,A912"
h02Q,hrif,라분 - 전설,,1.33,,"Avul,A0AD,A0AE,A912"
h02P,hrif,나미 도둑고양이 - 전설,,0.66,,"Avul,A0AK,A0AM,A0AL,A912"
h02O,hrif,포트거스.D.에이스 - 전설,,0.7,,"Avul,A0AO,A0AN,A0AP,A0AQ,A912"
h02N,hrif,겟코 모리아 - 전설,,1.25,,"Avul,A0AS,A0AT,A065,A912"
h02M,hrif,베이비5 - 희귀,,1.05,,"A0K3,A07Y,A0FP,A0B9,Avul,A1CC"
h02L,hrif,트라팔가 로우 - 희귀,,0.62,,"A07Y,A05A,A05B,A05C,A0B9,Avul,A02H"
h02K,hrif,쵸파 혼포인트 - 희귀,,0.95,,"A0EX,A0EW,A07Y,A0EN,A0B9,A037,A005,Avul"
h02J,hrif,킨에몬 - 희귀,,0.82,,"A07Y,A03X,A0B9,A00H,Avul"
h02I,hrif,상디 디아블잠브 - 희귀,,0.4,,"A07Y,A0FX,A0B9,A01U,Avul"
h02H,hrif,크로커다일 Mr.0 - 희귀,,0.61,,"A07Y,A03W,A03V,A0B9,A02O,Avul"
h02G,hrif,제프 - 희귀,,1.0,,"A0F0,A07Y,A0B9,A02C,Avul"
h02F,hrif,조로 현상금사냥꾼 - 희귀,,1.0,,"A0EV,A07Y,A0B9,A0NH,Avul"
h02E,hrif,다이아몬드 죠즈 - 희귀,,0.97,,"A0F3,A07Y,A0B9,A02G,Avul"
h02D,hrif,유스타스 키드 - 희귀,,0.85,,"A0XS,A03U,A03S,A03T,A07Y,A0B9,Avul"
h02C,hrif,우솝 보잉열도 - 희귀,,1.0,,"A113,A07Y,A0B9,A026,A038,A03K,Avul"
h02B,hrif,아오키지 - 희귀,,0.94,,"A07Y,A0B9,A023,Avul,A0RP"
h02A,hrif,엠포리오 이완코브 - 희귀,,0.95,,"A00Y,A0JV,A07Y,A0B9,A03I,Avul"
h029,hrif,샹크스 - 희귀,,0.8,,"A0EY,A07Y,A03Y,A0B9,A025,Avul"
h028,hrif,센토마루 - 희귀,,0.69,,"A07Y,A0B9,A002,A027,Avul"
h027,hrif,슈가 - 희귀,,0.7,,"A07Y,A0B9,A022,A03F,A0NI,Avul"
h026,hrif,시류 - 희귀,,0.69,,"A07Y,A0B9,A03Q,Avul,A01T"
h025,hrif,류마 - 희귀,,0.77,,"A0UG,A07Y,A0FB,A0B9,Avul"
h024,hrif,와이퍼 - 희귀,,0.9,,"A02X,A07Y,A0B9,A03P,Avul"
h023,hrif,카쿠 - 희귀,,0.42,,"A0F5,A0K6,A0F6,A0F7,A07Y,A0B9,Avul,A02P"
h022,hrif,마르코 불사조 - 희귀,,0.77,,"A07Y,A0AQ,A0FD,A0B9,A00N,A02D,Avul"
h021,hrif,검은수염 - 희귀,,0.87,,"A07Y,A056,A0B9,A036,Avul"
h020,hrif,마인 오즈 - 희귀,,0.67,,"A07Y,A0DS,A0B9,A00T,A01G,Avul"
h01Z,hrif,마젤란 - 희귀,,0.6,,"A07Y,A0FF,A0B9,A00G,Avul"
h01Y,hrif,모몬가 - 희귀,,0.79,,"A0FH,A07Y,A0B9,Avul"
h01X,hrif,루피 기어서드 - 희귀,,,,"A07Y,A05H,A0B9,Avul,A03D"
h01W,hrif,바르토로메오 - 희귀,,0.83,,"A0FI,A0FJ,A07Y,A0B9,A00J,Avul"
h01V,hrif,바제스 - 희귀,,0.85,,"A0NG,A0FL,A07Y,A0B9,Avul"
h01U,hrif,바질 호킨스 - 희귀,,0.8,,"A07Y,A0FM,A0B9,Avul"
h01T,hrif,반 더 데켄 - 희귀,,0.7,,"A07Y,A0FN,A12F,A0B9,A0NE,Avul"
h01S,hrif,벤 베크만 - 희귀,,0.84,,"A038,A0FQ,A07Y,A0B9,Avul"
h01R,hrif,키자루 - 희귀,,0.68,,"A02Q,A07Y,A053,A052,A0B9,Avul"
h01Q,hrif,몽키.D.거프 - 희귀,,1.09,,"A0F9,A0FA,A03H,A07Y,A0B9,Avul"
h01P,hrif,아카이누 - 희귀,,1.0,,"A00M,A07Y,A0B9,A02E,Avul"
h01O,hrif,네펠타리 비비 - 희귀,,0.82,,"A0FU,A0K4,A07Y,A0FV,A0B9,A00O,Avul"
h01N,hrif,브룩 음악가 - 희귀,,0.56,,"A0FT,A07Y,A0FS,A0B9,A03C,Avul"
h01M,hrif,보아 핸콕 - 희귀,,0.68,,"A07Y,A03Y,A03Z,A0B9,Avul,A0N9"
h01L,hrif,돈키호테 도플라밍고 - 희귀,,0.65,,"A0K2,A057,A07Y,A058,A0B9,A009,Avul"
h01K,hrif,X-드레이크 - 특별,,0.8,,"A083,A0JE,A07Y,A0BA,Avul,A0XP"
h01J,hrif,포트거스.D.에이스 - 특별,,0.75,,"A0JE,A07Y,A0ER,A0BA,A00R,A01F,Avul"
h01I,hrif,헤르메포 - 특별,,0.57,,"A0ET,A0JE,A07Y,A0BA,A0N6,Avul"
h01H,hrif,트라팔가 로우 - 특별,,0.65,,"A0JE,A07Y,A0BA,A08B,A02Z,Avul"
h01G,hrif,파이러츠 도킹5 - 특별,,1.15,,"A0EP,A0EQ,A0JE,A07Y,A0BA,A00A,Avul"
h01F,hrif,스모커 - 특별,,0.9,,"A0JE,A07Y,A0BA,A08F,A02W,Avul"
h01E,hrif,쵸파 두뇌강화 - 특별,,0.5,,"A0EO,A0JE,A07Y,A0BA,A02L,Avul"
h01D,hrif,쵸파 가드포인트 - 특별,,1.03,,"A0JE,A07Y,A0EM,A0BA,A010,A02M,Avul"
h01C,hrif,카포네 갱 벳지 - 특별,,0.75,,"A0EJ,A0JE,A07Y,Avul,A039"
h01B,hrif,킬러 - 특별,,0.8,,"A0JE,A07Y,A0EL,A0BA,A02S,Avul"
h01A,hrif,크로커다일 - 특별,,0.76,,"A0JE,A07Y,A0BA,A08E,A02N,Avul"
h019,hrif,챠카 - 특별,,0.8,,"A0EI,A0BA,A0JE,A07Y,A02J,Avul"
h018,hrif,징베 - 특별,,1.0,,"A0EF,A0JE,A07Y,A0BA,A02K,A01M,Avul"
h017,hrif,바솔로뮤 쿠마 - 특별,,0.25,,"A0E9,A0EA,A0JE,A07Y,A0BA,A02V,Avul"
h016,hrif,바질 호킨스 - 특별,,1.0,,"A0JE,A07Y,A0BA,A08N,Avul,A013,A0IO"
h015,hrif,버기 마기탄 - 특별,,1.2,,"A0EB,A0EC,A0JE,A07Y,A03B,Avul"
h014,hrif,봉쿠레 - 특별,,1.3,,"A0JE,A07Y,A0BA,A08P,A008,Avul"
h013,hrif,상디 검은다리 - 특별,,0.55,,"A0ED,A0JE,A07Y,A0BA,A0NF,Avul"
h012,hrif,스쿼드 - 특별,,1.0,,"A0EE,A0JE,A07Y,A0BA,A02A,Avul"
h011,hrif,아론 - 특별,,0.55,,"A0EF,A0JE,A07Y,A0BA,A03G,Avul"
h010,hrif,압살롬 - 특별,,0.6,,"A0JE,A07Y,A080,A01V,Avul"
h00Z,hrif,우솝 화염탄 - 특별,,1.0,,"A01W,A0JE,A07Y,A0EG,A0BA,A00Q,Avul"
h00Y,hrif,유스타스 키드 - 특별,,0.8,,"A0JE,A07Y,A0BA,A08H,A00U,Avul"
h00X,hrif,이나즈마 혁명군 - 특별,,0.33,,"A0JV,A0EH,A0JE,A07Y,A0BA,A01J,A00X,Avul"
h00W,hrif,조로 귀기 - 특별,,0.88,,"A0E7,A0JE,A07Y,A0BA,A02R,A02T,Avul"
h00V,hrif,캡틴 크로 - 특별,,0.35,,"A0EK,A0JE,A07Y,A0BA,A02F,Avul"
h00U,hrif,루피 기어세컨드 - 특별,,0.68,,"A0JE,A07Y,A0BA,A08J,A0QI,Avul,A00F"
h00T,hrif,마르코 - 특별,,0.88,,"A0JE,A07Y,A0BA,A08M,A00I,Avul"
h00S,hrif,로빈 오하라 - 특별,,1.0,,"A0JE,A07Y,A0BA,A08A,Avul,A0NC"
h00R,hrif,로브 루치 - 특별,,0.47,,"A0JE,A07Y,A0BA,A08C,A00C,Avul"
h00Q,hrif,에넬 - 특별,,1.1,,"A0JE,A07Y,A0BA,A084,A0NB,Avul"
h00P,hrif,나미 크리마텍트 - 특별,,1.0,,"A0JE,A07Y,A0BA,A088,A0ND,Avul"
h00O,hrif,니코 로빈 - 안흔함,,1.2,,"A07Y,A0JE,A0B8,A07M,A03E,Avul"
h00N,hrif,우솝 저격왕 - 안흔함,,1.4,,"A07Y,A0JE,A0B8,A01D,A01K,Avul"
h00M,hrif,블루노 - 안흔함,,1.32,,"A07Y,A0JE,A0B8,A07I,A024,A01A,Avul"
h00L,hrif,프랑키 - 안흔함,,0.89,,"A07Y,A0JE,A0B8,A02Y,A01Q,Avul"
h00K,hrif,포트거스.D.에이스 - 안흔함,,1.1,,"A07Y,A0JE,A0B8,A07R,A00S,A01E,Avul"
h00J,hrif,페로나 - 안흔함,,0.9,,"A07Y,A0JE,A0B8,A030,A01N,Avul"
h00I,hrif,이나즈마 - 안흔함,,0.85,,"A07Y,A0JE,A0B8,A00Z,A01I,Avul"
h00H,hrif,좀비 - 안흔함,,0.61,,"A029,Avul"
h00G,hrif,쵸파 럼블볼강화 - 안흔함,,1.0,,"A07Y,A0B8,A00B,A014,A1A1,Avul,A0JE"
h00F,hrif,하찌 - 안흔함,,1.6,,"A07Y,A0JE,A07S,A0B8,A0N8,A01P,Avul"
h00E,hrif,타시기 - 안흔함,,0.96,,"A07Y,A0JE,A07Q,A0B8,A02B,A01C,Avul"
h00D,hrif,브룩 - 안흔함,,0.74,,"A07Y,A0JE,A0B8,A07P,A00K,A019,A1A0,Avul"
h00C,hrif,베포 - 안흔함,,1.07,,"A07Y,A0JE,A0B8,A01X,A017,Avul"
h00B,hrif,겟코 모리아 - 특별,,1.0,,"A0JE,A07Y,A0BA,A028,A016,Avul,A087"
h00A,hrif,후쿠로 - 안흔함,,1.3,,"A07Y,A0JE,A0B8,A07I,A0NA,A01O,Avul"
h009,hrif,해군 총병 - 흔함,,0.96,,"A0JE,A09G,A0N5,A01L,A19Z,Avul"
h008,hrif,토니토니 쵸파 - 흔함,,0.57,,"A0JE,A09G,A02I,A00E,Avul"
h007,hrif,우솝 - 흔함,,0.84,,"A0JE,A09G,A00V,A01H,Avul"
h006,hrif,해군 칼병 - 흔함,,0.94,,"A0JE,A09G,A0N7,A01R,Avul"
h005,hrif,버기 - 흔함,,0.99,,"A0JE,A09G,A00L,A018,Avul"
h004,hrif,상디 - 흔함,,0.77,,"A0JE,A09G,A01B,A00P,Avul"
h003,hrif,몽키.D.루피 - 흔함,,1.02,,"A0JE,A09G,A00D,A012,Avul"
h002,hrif,롤로노아 조로 - 흔함,,1.03,,"A0JE,A09G,A00W,A032,Avul"
h001,hrif,나미 - 흔함,,0.98,,"A0JE,A09G,A006,A015,Avul"
h000,hrif,페로나 - 왜곡 ,,0.05,,"Avul,Aloc"
eBS3,ewsp,!0901_Roger,,,,"Aloc,Avul"
eBS2,ewsp,!0710_Shanks,,,,"Aloc,Avul"
e0SG,ewsp,!0810_qx_ahnl,,,,"Aloc,Avul"
e0SF,ewsp,!0810_lightplat,,,,"Aloc,Avul"
e0RQ,ewsp,!0725_Kid_DamdFunk,,,,"A104,Aloc,Avul"
e0RF,ewsp,!0808_UtaWorldEff,,,,"Aloc,Avul"
e0RE,ewsp,!0808_uta_eff_g1,,,,"A0KN,A0KO,Aloc,Avul"
e0OT,ewsp,!1207_Effect Tatsumaki Meteror,,,,"Aloc,Avul"
e0OH,ewsp,!0725_Effect Captain Kid Component,,,,"Aloc,Avul"
e0O0,ewsp,!1206_AZ_Sakuraattack4,,,,"Aloc,Avul"
e0NZ,ewsp,!1206_Effect Blink New Pink,,,,"Aloc,Avul"
e0N6,ewsp,!0725_arm4_lumber,,,,"A106,Aloc,Avul"
e0N0,ewsp,!0725_arm4,,,,"A104,Aloc,Avul"
e0MZ,ewsp,!0725_az_gpqg3-700,,,,"Aloc,Avul"
e0MV,ewsp,!0725_Effect tx8,,,,"A104,Aloc,Avul"
e0MU,ewsp,!0725_arm4_alt,,,,"Aloc,Avul"
e0MQ,ewsp,!0723_Shark,,,,"Aloc,Avul"
e0MP,ewsp,!0730_AquaSpikeVersion2__90,,,,"Aloc,Avul"
e0MO,ewsp,!0808_UTA_amor,,,,"Aloc,Avul"
e0MN,ewsp,!0720_Tashigi_premium,,,,"Aloc,Avul"
e0MM,ewsp,!0603_kyros,,,,"Aloc,Avul"
e0ML,ewsp,!1404_az_gpqg3-7002,,,,"Aloc,Avul"
e0MK,ewsp,"!0802,!1401_SlaveArrow",,,,"Aloc,Avul"
e0MJ,ewsp,!0726_bam,,,,"Aloc,Avul"
e0MI,ewsp,!0605_Katakuri_Skill_1,,,,"Aloc,Avul"
e0MH,ewsp,!0605_Katakuri_Skill_1__50,,,,"Aloc,Avul"
e0MG,ewsp,!0802_Hancock,,,,"Aloc,Avul"
e0MF,ewsp,!0803_caven,,,,"Aloc,Avul"
e0ME,ewsp,!0719_ysq15,,,,"A11W,Aloc,Avul"
e0MD,ewsp,!0709_brockmis,,,,"Aloc,Avul"
e0MC,ewsp,!0807_odeng_fire,,,,"A0YU,A16W,Aloc,Avul"
e0MB,ewsp,!0811_GoldSphere,,,,"A0X5,Aloc,Avul"
e0MA,ewsp,!0807_Zukokku,,,,"Aloc,Avul"
e0M9,ewsp,!0811_Tesoro_gold.mdl,,,,"Aloc,Avul"
e0M8,ewsp,!0909_SingularityIBlue,,,,"Aloc,Avul"
e0M7,ewsp,!0811_GoldSpike,,,,"Aloc,Avul"
e0M6,ewsp,!0000_복사용,,,,"Aloc,Avul"
e0M5,ewsp,!1201_네즈코,,,,"Aloc,Avul"
e0M4,ewsp,!1212_요르,,,,"Aloc,Avul"
e0M3,ewsp,!1212_로이드,,,,"Aloc,Avul"
e0M2,ewsp,!0912_RimuruPurpleBomb,,,,"Aloc,Avul"
e0M1,ewsp,!0912_ranshaoping_fire_big,,,,"Aloc,Avul"
e0M0,ewsp,!0912_AZ_Doomdragon_T,,,,"Aloc,Avul"
e0LZ,ewsp,!1113_##AZ_Goods_Lvlup,,,,"Aloc,Avul"
e0LY,ewsp,!1113_skill_zhicai,,,,"Aloc,Avul"
e0LX,ewsp,!1114_firecut,,,,"Aloc,Avul"
e0LW,ewsp,!1112_blackwave,,,,"Aloc,Avul"
e0LV,ewsp,!1112_redsweep2,,,,"Aloc,Avul"
e0LU,ewsp,!1112_BY_Wood_Effect_Order_Integration_Slash_1,,,,"Aloc,Avul"
e0LT,ewsp,!1111_Effect Hit-Juhuang-LIZI,,,,"Aloc,Avul"
e0LS,ewsp,!1111_Effect AZ-Hit,,,,"Aloc,Avul"
e0LR,ewsp,!1206_Effect BY_Wood_Eff_Ord_NiYa_Bh3_XuanFeng Pink,,,,"Aloc,Avul,A0WG"
e0LQ,ewsp,"!1111,!1202_Effect Flash blue",,,,"Aloc,Avul"
e0LP,ewsp,!1206_chunbon6,,,,"Aloc,Avul"
e0LO,ewsp,!1206_senbonzakurapart,,,,"Aloc,Avul"
e0LN,ewsp,!1206_AkihaClawsakura_bakuya,,,,"Aloc,Avul"
e0LM,ewsp,!1206_bankaisword,,,,"Aloc,Avul"
e0LL,ewsp,!1111_Effect Power Charge Blue,,,,"Aloc,Avul"
e0LK,ewsp,!1108_BLUEshotingR1c,,,,"Aloc,Avul"
e0LJ,ewsp,!1108_DustWindFaster3,,,,"Aloc,Avul"
e0LI,ewsp,!1108_az-slash-red-40,,,,"Aloc,Avul"
e0LH,ewsp,!1108_en_weapon-315,,,,"Aloc,Avul"
e0LG,ewsp,!0724_AZ_Slash_Red-54__270,,,,"Aloc,Avul"
e0LF,ewsp,!0724_AZ_Slash_Red-54,,,,"Aloc,Avul"
e0LE,ewsp,!1104_bd,,,,"A10I,Aloc,Avul"
e0LD,ewsp,!1104_ph,,,,"Aloc,Avul"
e0LC,ewsp,!1103_DoomDeath,,,,"Aloc,Avul"
e0LB,ewsp,!1103_E_FlameGroundEX,,,,"Aloc,Avul"
e0LA,ewsp,!1103_E_WaveExplosion,,,,"Aloc,Avul"
e0L9,ewsp,!1103_blinknew4,,,,"Aloc,Avul"
e0L8,ewsp,!1102_newrasengan32,,,,"A17N,Aloc,Avul"
e0L7,ewsp,!1102_rasenshuriken2,,,,"Aloc,Avul"
e0L6,ewsp,마나 185 필요,,,,"Aloc,Avul"
e0L4,ewsp,!!_A0H9(깍),,,,"A0H9,Aloc,Avul"
e0L3,ewsp,!1303_#AZ_ESFrost_C1_Caster.mdl,,,,"A15A,Aloc,Avul"
e0L2,ewsp,!1303_#IceMeteor_fix,,,,"A0HA,Aloc,Avul"
e0L1,ewsp,"!!_A14O(절대쿨),A14P(블러드)",,,,"A14O,A14P,Aloc,Avul"
e0L0,ewsp,"!!_A0KI(절대쿨),A0T2(스텀프)",,,,"A0KI,A17X,Aloc,Avul"
e0KZ,ewsp,!!_A06P(이감),,,,"A06P,Aloc,Avul"
e0KY,ewsp,"!!_A0JC(절대쿨),A0QV(블러드)",,,,"A0JC,A0QV,Aloc,Avul"
e0KX,ewsp,"!!_A1BG(절대쿨),A0SX(블러드)",,,,"A1BG,A0SX,Aloc,Avul"
e0KW,ewsp,"!!_A0LH(절대쿨),A0LG(블러드),A0SW(볼트),A17C(스턴)",,,,"A0LH,A0LG,A0SW,A17C,Aloc,Avul"
e0KV,ewsp,"!!_A0CA(슬립),A0MU(하울),A0U7(블러드)",,,,"A046,A0CA,A0MU,A0U7,Aloc,Avul"
e0KU,ewsp,!!_A14Z(이감),,,,"A14Z,Aloc,Avul"
e0KT,ewsp,!!_A0SZ(깍),,,,"A0SZ,Aloc,Avul"
e0KS,ewsp,"!!_A0MM(이감),A0ML(공속)",,,,"A0ML,A0MM,A0MK,Aloc,Avul"
e0KR,ewsp,!0718_A0MJ,,,,"A0MJ,Aloc,Avul"
e0KQ,ewsp,!!_A0BN(이감),,,,"A0BN,Aloc,Avul"
e0KP,ewsp,!!_삭제용,,,,"Aloc,Avul"
e0KO,ewsp,!0703_tornado33,,,,"Aloc,Avul"
e0KM,ewsp,"!!_A0A6(팬오나),A15H(스턴),A0OP(블러드),A0MS(절대쿨)",,,,"A15H,A0A6,Aloc,Avul"
e0KL,ewsp,!!_A0GN(깍),,,,"A0GN,Aloc,Avul"
e0KK,ewsp,!!_A0GL(이감),,,,"A0GL,Aloc,Avul"
e0KJ,ewsp,"!!_A0GE(볼트),A0GF(이감)",,,,"A0GE,A0GF,Aloc,Avul"
e0KI,ewsp,"!!_A0DT(볼트),A068(절대쿨),A069(스탬피드),A0HQ(블러드),A0P0(클랩)",,,,"A0DT,A068,A069,A0HQ,Aloc,Avul"
e0KH,ewsp,"!!_A07K(스웜),A0I8(절대쿨),A0L3(스탬),A1CF(블러드),A0IB(볼트),A16L(스턴)",,,,"A07K,A1CF,Aloc,Avul"
e0KG,ewsp,"!!_A0ES(스웜),A054(체라),A15S(스턴),A0S9(블러드),A176(팬오나),A0V5(절대쿨)",,,,"A0ES,A054,A0V5,Aloc,Avul"
e0KF,ewsp,!!_A125(슬립),,,,"A125,A13Y,Aloc,Avul"
e0KE,ewsp,"!!_A08D(스웜),A03N(블리),A03O(포크),A0F1(블러드),A04G(절대쿨),A0SL(배틀로어)",,,,"A08D,A03N,A03O,A0F1,A04D,Aloc,Avul"
e0KD,ewsp,"!!_A0VS(스웜),A086(포크),A08I(블러드),A08L(팬오나),A15O(스턴),A0HX(절대쿨)",,,,"A15O,A0VS,A086,A08I,A08L,A0HX,Aloc,Avul"
e0KC,ewsp,!1210_79.mdx,,,,"Aloc,Avul"
e0KB,ewsp,!1209_Effect ZM2P_JX,,,,"Aloc,Avul"
e0KA,ewsp,!1209_ManaStorm2Birth,,,,"Aloc,Avul"
e0K9,ewsp,"!0712,!0723_AZ_xiaonajia01_G",,,,"Aloc,Avul"
e0K8,ewsp,!1101_NewDirtEXNofire4_1,,,,"A17N,Aloc,Avul"
e0K7,ewsp,!1101_이펙트용 K유닛,,,,"Aloc,Avul"
e0K6,ewsp,!1101_Phoenix,,,,"A0Z5,Aloc,Avul"
e0K5,ewsp,!1101_kdumy,,,,"Aloc,Avul"
e0K4,ewsp,!1208_보물이펙트,,,,"Aloc,Avul"
e0K3,ewsp,!0702_NewDirtEXNofire__90,,,,"Aloc,Avul"
e0K2,ewsp,!1213_GaterBlater_laser,,,,"Aloc,Avul"
e0K1,ewsp,!1213_gasterblaster,,,,"Aloc,Avul"
e0K0,ewsp,!1203_Effect AZ_MFZ01,,,,"Aloc,Avul"
e0JZ,ewsp,!1201_ZK_YC_danmu,,,,"Aloc,Avul"
e0JY,ewsp,!1201_claw slash pInk2,,,,"Aloc,Avul"
e0JX,ewsp,!1201_claw slash pInk1,,,,"Aloc,Avul"
e0JW,ewsp,!1207_Effect Chibakurock Psychokinesis,,,,"Aloc,Avul"
e0JV,ewsp,!1207_Effect Mr.War3_Tornado Wide,,,,"Aloc,Avul"
e0JU,ewsp,!1207_Effect Dota2 War Stomp Caster Green,,,,"Aloc,Avul"
e0JT,ewsp,!1207_Effect Starfall Target Green,,,,"A17R,Aloc,Avul"
e0JS,ewsp,!1207_Effect RDZ Explosion Green,,,,"Aloc,Avul"
e0JR,ewsp,!1207_Effect Blight Silence Green,,,,"Aloc,Avul"
e0JQ,ewsp,!0702_zoro_eff5,,,,"Aloc,Avul"
e0JP,ewsp,!1207_Effect AZ_Hit Green,,,,"Aloc,Avul"
e0JO,ewsp,!0912_#gaban_ora4,,,,"Aloc,Avul"
e0JN,ewsp,!0912_BigPunch_Katakuri,,,,"Aloc,Avul"
e0JM,ewsp,!0912_Shadow,,,,"Aloc,Avul"
e0JL,ewsp,!0912_fire-boom-new,,,,"Aloc,Avul"
e0JK,ewsp,!0912_0912_Bullet_Level2,,,,"Aloc,Avul"
e0JJ,ewsp,!0912_AZ_KQZF,,,,"Aloc,Avul"
e0JI,ewsp,!0912_Bullet_Gatling,,,,"Aloc,Avul"
e0JH,ewsp,"!0702,!0907_TigerLoa8",,,,"Aloc,Avul"
e0JG,ewsp,!0912_Bullet_Pistol,,,,"Aloc,Avul"
e0JF,ewsp,!0912_RoarCaster,,,,"Aloc,Avul"
e0JE,ewsp,!0702_Zoro,,,,"Aloc,Avul"
e0JD,ewsp,!0912_Bullet_Pegi,,,,"Aloc,Avul"
e0JC,ewsp,!0912_Bullet,,,,"Aloc,Avul"
e0JB,ewsp,!1206_Effect Senbonzakura Senke 2,,,,"Aloc,Avul"
e0JA,ewsp,!0702_DustWave_Long_zoro,,,,"Aloc,Avul"
e0J9,ewsp,!0912_Bullet_Level3,,,,"A0D8,Aloc,Avul"
e0J8,ewsp,!0702_Effect_Dead_Spirit_by_Deckai_03,,,,"Aloc,Avul"
e0J7,ewsp,!1206_Effect Mythic_Flamestrike Pink,,,,"Aloc,Avul"
e0J6,ewsp,!1206_Effect DustWind Pink,,,,"Aloc,Avul"
e0J5,ewsp,!1206_Effect Warstomp Energy Pink,,,,"Aloc,Avul"
e0J4,ewsp,!1206_Effect Senbonzakura Senkei,,,,"Aloc,Avul"
e0J3,ewsp,!1206_Effect White Shoot Gun,,,,"Aloc,Avul"
e0J2,ewsp,!1206_Effect Thrust White,,,,"Aloc,Avul"
e0J1,ewsp,!1206_Effect Antimagic Zone Sky,,,,"Aloc,Avul"
e0J0,ewsp,!0538_Flower_Air,,,,"Aloc,Avul"
e0IZ,ewsp,!0911_chushou_by_wood_effect_fire_flamecrack,,,,"Aloc,Avul"
e0IY,ewsp,!0911_Cherry Blossom Impact,,,,"Aloc,Avul"
e0IX,ewsp,랜덤위습,,,,"Aeth,Avul"
e0IW,ewsp,!0911_E_RockUp,,,,"Aloc,Avul"
e0IV,ewsp,!0911_WindWeak2__90,,,,"Aloc,Avul"
e0IU,ewsp,!0911_E_Howling_sfx,,,,"Aloc,Avul"
e0IT,ewsp,!0911_skill_dilie4,,,,"Aloc,Avul"
e0IS,ewsp,!0908_BY_Wood_Eff_Wid_XuanFeng,,,,"Aloc,Avul"
e0IR,ewsp,"!0910,!0911_ZK_thunderbolt_xiao",,,,"A0PT,A0ZR,Aloc,Avul"
e0IQ,ewsp,!0910_als-tx (7),,,,"Aloc,Avul"
e0IP,ewsp,!0910_kaido_eff5.mdl,,,,"Aloc,Avul"
e0IO,ewsp,!0910_kaido_kamai2,,,,"Aloc,Avul"
e0IN,ewsp,"!0712,!0723,!0910_Wind Blast33",,,,"Aloc,Avul"
e0IM,ewsp,!0910_fuzzystomp2__55,,,,"Aloc,Avul"
e0IL,ewsp,!0910_kaido_eff3,,,,"Aloc,Avul"
e0IK,ewsp,!0910_Bmisaka light,,,,"Aloc,Avul"
e0IJ,ewsp,!0910_[DZ_Spell]001__55,,,,"Aloc,Avul"
e0II,ewsp,!0910_Effect_AZ_laser3,,,,"Aloc,Avul"
e0IH,ewsp,!0910_Effect_AZ_JuLi01,,,,"Aloc,Avul"
e0IG,ewsp,!0909_E_SlamB,,,,"Aloc,Avul"
e0IF,ewsp,!0909_PillarofFlameBlue__80,,,,"Aloc,Avul"
e0IE,ewsp,!0909_BY_Storm2__90,,,,"Aloc,Avul"
e0ID,ewsp,!0909_E_MSL,,,,"Aloc,Avul"
e0IC,ewsp,!0909_IceNova__90,,,,"Aloc,Avul"
e0IB,ewsp,!0909_!flare8,,,,"Aloc,Avul"
e0IA,ewsp,!0909_bijuuexplosion,,,,"A17J,Aloc,Avul"
e0I9,ewsp,!0909_FarseerMissile__90,,,,"Aloc,Avul"
e0I8,ewsp,!0908_az_piercing-250,,,,"Aloc,Avul"
e0I7,ewsp,!0908_T-dustwave,,,,"Aloc,Avul"
e0I6,ewsp,!0907_rb7__330,,,,"Aloc,Avul"
e0I5,ewsp,!0907_rb7__30,,,,"Aloc,Avul"
e0I4,ewsp,!0907_NEDeath,,,,"Aloc,Avul"
e0I3,ewsp,!0906_JN_HS_rulaibaozha1,,,,"Aloc,Avul"
e0I2,ewsp,!0906_Enlightenment2,,,,"A17D,Aloc,Avul"
e0I1,ewsp,!0906_effect_shengguang3,,,,"Aloc,Avul"
e0I0,ewsp,"!0906,!0911_AZ",,,,"Aloc,Avul"
e0HZ,ewsp,!0905_E_FastStrike,,,,"Aloc,Avul"
e0HY,ewsp,!0905_garp_impact2,,,,"A17C,Aloc,Avul"
e0HX,ewsp,!0905_kaido_eff3_90,,,,"Aloc,Avul"
e0HW,ewsp,!0905_garp_stun,,,,"Aloc,Avul"
e0HV,ewsp,"!0811,!0905_kaido_kamai2_garp2",,,,"A170,Aloc,Avul"
e0HU,ewsp,!0904_arcdirve03BLUEPUP__90,,,,"A0SI,Aloc,Avul"
e0HT,ewsp,!0904_BY_Wood_Sand_YueKongJi7_90real__320,,,,"Aloc,Avul"
e0HS,ewsp,!0904_by_kid4d__32,,,,"Aloc,Avul"
e0HR,ewsp,!0904_BY_Wood_Sand_YueKongJi7_90real,,,,"Aloc,Avul"
e0HQ,ewsp,!0903_Gaban,,,,"A0IQ,Aloc,Avul"
e0HP,ewsp,진화체위습,,,,"Aeth,Avul"
e0HO,ewsp,!0903_Gaban_Pegi,,,,"Aloc,Avul"
e0HN,ewsp,!0903_tianwulianxun1,,,,"Aloc,Avul"
e0HM,ewsp,!0903_Gaban_Shock,,,,"Aloc,Avul"
e0HL,ewsp,!0903_#gabanslash2_new,,,,"Aloc,Avul"
e0HK,ewsp,!0903_#gabanslash3_new,,,,"Aloc,Avul"
e0HJ,ewsp,!0903_#gabanmon0,,,,"Aloc,Avul"
e0HI,ewsp,!0902_lightningnova4,,,,"Aloc,Avul"
e0HH,ewsp,!0902_E_BlueLightBurst,,,,"A171,Aloc,Avul"
e0HG,ewsp,!0902_VFX_HITcritverylowBlue8,,,,"Aloc,Avul"
e0HF,ewsp,!0902_az_spake7,,,,"Aloc,Avul"
e0HE,ewsp,!0902_BY_smoke,,,,"Aloc,Avul"
e0HD,ewsp,!0902_rl_flare,,,,"Aloc,Avul"
e0HC,ewsp,!0715_Kizaru,,,,"Aloc,Avul"
e0HB,ewsp,!0715_bearibon3,,,,"Aloc,Avul"
e0HA,ewsp,!0902_WindWeak2,,,,"Aloc,Avul"
e0H9,ewsp,!0719_kaizokusfxbyvalk3,,,,"Aloc,Avul"
e0H8,ewsp,!0901_arua6,,,,"Aloc,Avul"
e0H7,ewsp,!0901_Effect Hit Wave__30,,,,"Aloc,Avul"
e0H6,ewsp,!0901_fire-boom,,,,"Aloc,Avul"
e0H5,ewsp,!0901_rogers3,,,,"Aloc,Avul"
e0H4,ewsp,!0901_BY_Wood_GongChengSiPai_33,,,,"Aloc,Avul"
e0H3,ewsp,!0901_Heavens Gate2,,,,"Aloc,Avul"
e0H2,ewsp,!0901_ioncannon3,,,,"Aloc,Avul"
e0H1,ewsp,!0809_Penance-Classic_nika,,,,"Aloc,Avul"
e0H0,ewsp,!0809_BY_Storm2__35,,,,"Aloc,Avul"
e0GZ,ewsp,!0809_Thunder_nami4__90,,,,"Aloc,Avul"
e0GY,ewsp,!0809_Thunder_nami4__35,,,,"Aloc,Avul"
e0GX,ewsp,!0809_eff_nika__50,,,,"A16Z,Aloc,Avul"
e0GW,ewsp,!0809_luffy_wano01_s_nika_ba,,,,"Aloc,Avul"
e0GV,ewsp,!0809_E_BlueLightBurst2__35,,,,"A16Y,Aloc,Avul"
e0GU,ewsp,!0808_Effect Sky Ring Black__90,,,,"Aloc,Avul"
e0GT,ewsp,!0808_Effect Earth Wave Purple3,,,,"Aloc,Avul"
e0GS,ewsp,!0808_Effect Malmter Exshexian-Black2,,,,"Aloc,Avul"
e0GR,ewsp,!0808_Effect BY_Wood_Effect_Order_DanGe_DaoGuang_BaoZha_1_2_23333__90,,,,"Aloc,Avul"
e0GQ,ewsp,!0808_BlackEnergyCharge__90,,,,"Aloc,Avul"
e0GP,ewsp,!0808_uta_hit_h31_90,,,,"Aloc,Avul"
e0GO,ewsp,!0808_u_flash2,,,,"Aloc,Avul"
e0GN,ewsp,!0808_16PF_3__50,,,,"Aloc,Avul"
e0GM,ewsp,!0808_WarStompCaster NoneColor_35,,,,"Aloc,Avul"
e0GL,ewsp,!0808_music slam,,,,"Aloc,Avul"
e0GK,ewsp,!0808_by_wind,,,,"A16X,Aloc,Avul"
e0GJ,ewsp,!0808_WarStompCaster NoneColor,,,,"Aloc,Avul"
e0GI,ewsp,!0808_uta_hit_h3,,,,"Aloc,Avul"
e0GH,ewsp,!0808_az_gangtiex12_f2,,,,"Aloc,Avul"
e0GG,ewsp,!0808_Effect AZ_DK_T2,,,,"Aloc,Avul"
e0GF,ewsp,!0808_Blackakiha_uta,,,,"Aloc,Avul"
e0GE,ewsp,!0808_AZ_Jugg_E1_uta,,,,"Aloc,Avul"
e0GD,ewsp,!0808_slash-uta,,,,"Aloc,Avul"
e0GC,ewsp,!0808_AZ_Uta_R2,,,,"Aloc,Avul"
e0GB,ewsp,"!0808,!1210_Effect AZ_Dust Rush 02",,,,"Aloc,Avul"
e0GA,ewsp,!0810_Puple_Slash__315,,,,"Aloc,Avul"
e0G9,ewsp,!0810_Puple_Slash__45,,,,"Aloc,Avul"
e0G8,ewsp,!0810_Puple_Slash,,,,"Aloc,Avul"
e0G7,ewsp,!0810_VFX_DarkSlash,,,,"Aloc,Avul"
e0G6,ewsp,!0810_CrescentSlashBLACK_SzUp,,,,"Aloc,Avul"
e0G5,ewsp,!0810_VGHE_(20),,,,"Aloc,Avul"
e0G4,ewsp,!0810_Ryuma132,,,,"Aloc,Avul"
e0G3,ewsp,!0810_Ryuma_SwordBlack,,,,"Aloc,Avul"
e0G2,ewsp,!0810_CrescentSlashBLACK_SzUp__330,,,,"Aloc,Avul"
e0G1,ewsp,!0810_VFX_BloodBath2+S,,,,"Aloc,Avul"
e0G0,ewsp,!0810_BlooFireBlack,,,,"Aloc,Avul"
e0FZ,ewsp,!0810_CrescentSlashBLACK_x2_xSzUp__270,,,,"Aloc,Avul"
e0FY,ewsp,!0807_!kick_type3,,,,"A0Q0,Aloc,Avul"
e0FX,ewsp,!0807_sunstrikeimpact3,,,,"Aloc,Avul"
e0FW,ewsp,!0807_AZ_S,,,,"Aloc,Avul"
e0FV,ewsp,!0807_AZ_M,,,,"Aloc,Avul"
e0FU,ewsp,!0807_flamecrack,,,,"Aloc,Avul"
e0FT,ewsp,!0807_Effect_modeEF2_93,,,,"Aloc,Avul"
e0FS,ewsp,!0806_nituzuo3_6,,,,"Aloc,Avul"
e0FR,ewsp,!0806_t_effect-03__25,,,,"Aloc,Avul"
e0FQ,ewsp,!0806_rb7__315,,,,"Aloc,Avul"
e0FP,ewsp,!0805_NewDirtEXNofire4_2,,,,"A0LI,Aloc,Avul"
e0FO,ewsp,!0805_Effect Hit Wave__90,,,,"Aloc,Avul"
e0FN,ewsp,!0805_BloodEX-Special-3,,,,"Aloc,Avul"
e0FM,ewsp,!0805_Effect Mythic_Reapers Claws Orange,,,,"Aloc,Avul"
e0FL,ewsp,!0805_Effect Gun Shot Red,,,,"Aloc,Avul"
e0FK,ewsp,!0805_Effect BY_Wood_GongChengSiPai_5 Orange,,,,"A001,Aloc,Avul"
e0FJ,ewsp,흔함-자동꺼내기,,,,Avul
e0FI,ewsp,"!0805,!0808_Effect BY_Wood_Effect_Naruto_MingRen_WeiShouYu_2",,,,"Aloc,Avul"
e0FH,ewsp,!0805_randomshot3,,,,"Aloc,Avul"
e0FG,ewsp,!0803_LevelupCaster__90,,,,"Aloc,Avul"
e0FF,ewsp,!0803_AZ_Z047_0Real,,,,"Aloc,Avul"
e0FE,ewsp,!0803_skybomb,,,,"A16V,Aloc,Avul"
e0FD,ewsp,"!0803,!0912,!1203,!1205,!1212_Effect Black Blink",,,,"Aloc,Avul"
e0FC,ewsp,!0803_FrostNova__60,,,,"Aloc,Avul"
e0FB,ewsp,!0803_ice2__45,,,,"Aloc,Avul"
e0FA,ewsp,!0803_DevilSlams2,,,,"Aloc,Avul"
e0F9,ewsp,!0803_basicstrike,,,,"A16U,Aloc,Avul"
e0F8,ewsp,!0802_han2,,,,"Aloc,Avul"
e0F7,ewsp,!0802_@TX - 1,,,,"A16Q,Aloc,Avul"
e0F6,ewsp,!0802_kaizokusfxbyvalk3__90,,,,"Aloc,Avul"
e0F5,ewsp,!0802_MoonSpear2,,,,"Aloc,Avul"
e0F4,ewsp,!0802_!flare-pink,,,,"Aloc,Avul"
e0F3,ewsp,!0801_SuperBigExplosion__90,,,,"A0UO,Aloc,Avul"
e0F2,ewsp,!0801_katongoukamekkyaku__270,,,,"Aloc,Avul"
e0F1,ewsp,!0801_cenarionfury2,,,,"Aloc,Avul"
e0F0,ewsp,!0801_AZ7,,,,"Aloc,Avul"
e0EZ,ewsp,!0801_flames&smoke,,,,"Aloc,Avul"
e0EY,ewsp,!0729_BY_Wood_GongChengSiPai_1,,,,"Aloc,Avul"
e0EX,ewsp,!0729_Koby,,,,"Aloc,Avul"
e0EW,ewsp,!0729_blackbla,,,,"Aloc,Avul"
e0EV,ewsp,!0729_Kobi_Hp_Skill,,,,"Aloc,Avul"
e0EU,ewsp,!0729_tx012a,,,,"Aloc,Avul"
e0ET,ewsp,!0729_BlueExplorion,,,,"Aloc,Avul"
e0ES,ewsp,!0729_AZ_KobiForce,,,,"Aloc,Avul"
e0ER,ewsp,!0728_Bonney_deathM_2,,,,"Aloc,Avul"
e0EQ,ewsp,!0728_Bonney_deathB,,,,"Aloc,Avul"
e0EP,ewsp,"!0728,!0802_AncientExplode(Blue)",,,,"Aloc,Avul"
e0EO,ewsp,!0728_Bonney_PierceB,,,,"Aloc,Avul"
e0EN,ewsp,!0728_AZ_JUGG_E1,,,,"Aloc,Avul"
e0EM,ewsp,!0728_AZ_CGClown_E2_misslie,,,,"A0VF,Aloc,Avul"
e0EL,ewsp,!0728_Bonney_paciB,,,,"Aloc,Avul"
e0EK,ewsp,!0728_Effect_M_B,,,,"Aloc,Avul"
e0EJ,ewsp,"!0728,!0809_effect_shengguang3__58",,,,"Aloc,Avul"
e0EI,ewsp,"!0728,!0809_WARRR2111__58",,,,"Aloc,Avul"
e0EH,ewsp,"!0728,!0809_E_BlueLightBurst5__58",,,,"Aloc,Avul"
e0EG,ewsp,"!0728,!0809_Thunder_nami1__55",,,,"A16N,Aloc,Avul"
e0EF,ewsp,!0727_ThornSlam3,,,,"Aloc,Avul"
e0EE,ewsp,!0727_Flamestrike_remake3,,,,"Aloc,Avul"
e0ED,ewsp,!0727_Tree_1,,,,"Aloc,Avul"
e0EC,ewsp,!0715_shockyellow3,,,,"A0X5,Aloc,Avul"
e0EB,ewsp,!0715_!lightkill5,,,,"A0X5,Aloc,Avul"
e0EA,ewsp,!0727_mokton,,,,"Aloc,Avul"
e0E9,ewsp,!0726_BY_Wood_ArcLightning_big,,,,"Aloc,Avul"
e0E8,ewsp,!0726_az_leiji01,,,,"Aloc,Avul"
e0E7,ewsp,!0726_AZ_Zeusking_Impact-yamato,,,,"Aloc,Avul"
e0E6,ewsp,!0726_eff_yamato5a,,,,"Aloc,Avul"
e0E5,ewsp,!0726_eff_yamato1,,,,"Aloc,Avul"
e0E4,ewsp,"!0726,!0910_az_axe",,,,"Aloc,Avul"
e0E3,ewsp,!0726_EffectAncientExplode(Blue)Light2,,,,"Aloc,Avul"
e0E2,ewsp,!0726_EffectFuzzystompBlue,,,,"Aloc,Avul"
e0E1,ewsp,!0726_beam_yamato,,,,"Aloc,Avul"
e0E0,ewsp,"!0726,!0905_tx-11",,,,"A17B,Aloc,Avul"
e0DZ,ewsp,"!0304,!0801_!@FS",,,,"A0UO,Aloc,Avul"
e0DY,ewsp,!0726_shockblastblue,,,,"Aloc,Avul"
e0DX,ewsp,!0725_BY_Fire_type3__16,,,,"Aloc,Avul"
e0DW,ewsp,!0725_VFX_Burn_DBluePup,,,,"Aloc,Avul"
e0DV,ewsp,!0725_by17__90,,,,"Aloc,Avul"
e0DU,ewsp,!0725_BY_Wood_ArcLightning_big,,,,"Aloc,Avul"
e0DT,ewsp,!0725_BY_Wood_Effect_Dash__90,,,,"Aloc,Avul"
e0DS,ewsp,!0725_BY_Wood_Effect_Dash,,,,"Aloc,Avul"
e0DR,ewsp,!0725_AZ_Flash Release Pink,,,,"Aloc,Avul"
e0DQ,ewsp,!0725_BY_Wood_Effect_Order_MoBai_Dev_DiLieQuan,,,,"Aloc,Avul"
e0DP,ewsp,!0725_BY_Wood_Thundergodwrath_2_2,,,,"Aloc,Avul"
e0DO,ewsp,!0725_Effect Blessing of Elun,,,,"Aloc,Avul"
e0DN,ewsp,"!0725,!0726_BY_Wood_Effect_Order_DanGe_DaoGuang_BaoZha_1_2_2",,,,"Aloc,Avul"
e0DM,ewsp,!0725_BY_Wood_BaShenAn_JuQi_5 Pink2,,,,"Aloc,Avul"
e0DL,ewsp,!0725_Effect Dota2 Impale Target Ground LordsRock,,,,"Aloc,Avul"
e0DK,ewsp,"!0725,!0901_by_kid5d",,,,"Aloc,Avul"
e0DJ,ewsp,!0725_usop_fire2,,,,"Aloc,Avul"
e0DI,ewsp,!0725_JN_HS_rulaibaozhakid,,,,"Aloc,Avul"
e0DH,ewsp,!0725_Effect Ground_Scape2,,,,"Aloc,Avul"
e0DG,ewsp,!0724_Effect Snake_casterart,,,,"Aloc,Avul"
e0DF,ewsp,!0724_Effect Interceptor Shell Explosion,,,,"Aloc,Avul"
e0DE,ewsp,"!0724,!0809_AZ_Yin_Qsnake",,,,"Aloc,Avul"
e0DD,ewsp,!0724_slam,,,,"Aloc,Avul"
e0DC,ewsp,!0724_Effect az_snake_boom,,,,"Aloc,Avul"
e0DB,ewsp,"!0724,!0910,!0911_Effect Warstomp Red",,,,"Aloc,Avul"
e0DA,ewsp,!0724_BY_Wood_GongChengSiPai_45,,,,"Aloc,Avul"
e0D9,ewsp,!0724_EffectCobra2,,,,"Aloc,Avul"
e0D8,ewsp,!0723_dummy,,,,"Aloc,Avul"
e0D7,ewsp,!0723_Z_Ora_relily,,,,"Aloc,Avul"
e0D6,ewsp,!0723_AZ_XuanFeng02B2_jim,,,,"Aloc,Avul"
e0D5,ewsp,"!0723,!0907_water_jinbe3",,,,"A17H,Aloc,Avul"
e0D4,ewsp,!0723_T-dustwave2,,,,"Aloc,Avul"
e0D3,ewsp,!0723_SerpentScrew,,,,"Aloc,Avul"
e0D2,ewsp,!0723_AquaSpikeVersion2,,,,"Aloc,Avul"
e0D1,ewsp,!0723_az_piercing2,,,,"Aloc,Avul"
e0D0,ewsp,!0723_NagaDeath,,,,"Aloc,Avul"
e0CZ,ewsp,!0722_vx15,,,,"A0PD,Aloc,Avul"
e0CY,ewsp,!0722_card-slash8,,,,"Aloc,Avul"
e0CX,ewsp,!0722_Mr_War3_XZ4_zoro,,,,"Aloc,Avul"
e0CW,ewsp,!0722_az3__75,,,,"Aloc,Avul"
e0CV,ewsp,!0722_Hokins_doll,,,,"Aloc,Avul"
e0CU,ewsp,!0722_Strawman,,,,"Aloc,Avul"
e0CT,ewsp,!0722_card4__22,,,,"Aloc,Avul"
e0CS,ewsp,!0722_Mr.War3_XZ4__22,,,,"A16H,Aloc,Avul"
e0CR,ewsp,!0721_BlSkill01A__341,,,,"Aloc,Avul"
e0CQ,ewsp,!0721_BlSkill04A__341,,,,"Aloc,Avul"
e0CP,ewsp,!0721_Gikura_A__345,,,,"Aloc,Avul"
e0CO,ewsp,!0607_ImperialFlamingWings_base,,,,"A05Y,Aloc,Avul"
e0CN,ewsp,"!0721,!0809_AZ_Earthshaker_C2__90",,,,"Aloc,Avul"
e0CM,ewsp,!0721_LucciAwk_kingun,,,,"Aloc,Avul"
e0CL,ewsp,!0711_by_kid4d_black,,,,"Aloc,Avul"
e0CK,ewsp,!0721_LucciAwk_e0FC,,,,"Aloc,Avul"
e0CJ,ewsp,!0721_LucciAwk_e0FDe0FH,,,,"Aloc,Avul"
e0CI,ewsp,!0720_AZ_Yin_Q4,,,,"Aloc,Avul"
e0CH,ewsp,!0721_AZ_XuanFeng02B2,,,,"Aloc,Avul"
e0CG,ewsp,!0720_SakuraRelease,,,,"Aloc,Avul"
e0CF,ewsp,!0720_pink_flare3,,,,"Aloc,Avul"
e0CE,ewsp,!0720_Mr.War3_XZ4,,,,"Aloc,Avul"
e0CD,ewsp,"!0720,!0729_MirrorImageCaster",,,,"Aloc,Avul"
e0CC,ewsp,!0720_MCut_new,,,,"Aloc,Avul"
e0CB,ewsp,!0720_mcut_slash1,,,,"Aloc,Avul"
e0CA,ewsp,!0720_MoonSpear14,,,,"Aloc,Avul"
e0C9,ewsp,!0719_valorblast2,,,,"A16D,Aloc,Avul"
e0C8,ewsp,!0719_E_ShockWaveRed,,,,"A16E,Aloc,Avul"
e0C7,ewsp,!0719_H_blackhole1,,,,"Aloc,Avul"
e0C6,ewsp,!0719_Dash_Sfx__90,,,,"Aloc,Avul"
e0C5,ewsp,!0719_E_Nitu,,,,"Aloc,Avul"
e0C4,ewsp,!0719_E_DTRing100,,,,"Aloc,Avul"
e0C3,ewsp,!0719_E_GlowlinePurple,,,,"Aloc,Avul"
e0C2,ewsp,"!0719,!1210_E_RoundSlashblue",,,,"A0CS,Aloc,Avul"
e0C1,ewsp,!0719_E_SuperShinyThingyPurple,,,,"Aloc,Avul"
e0C0,ewsp,!0718_VolcanoDeath__90,,,,"Aloc,Avul"
e0BZ,ewsp,!0718_DoomDeath__90,,,,"Aloc,Avul"
e0BY,ewsp,!0718_Zukokku,,,,"Aloc,Avul"
e0BX,ewsp,"!0718,!0910_!FireFist22",,,,"Aloc,Avul"
e0BW,ewsp,!0718_slam__90,,,,"A16C,Aloc,Avul"
e0BV,ewsp,"!0718,!0901_shadowassault(lightblue)2",,,,"Aloc,Avul"
e0BU,ewsp,!0718_!tenpajyousai+sfx+by+deckai,,,,"Aloc,Avul"
e0BT,ewsp,!0718_%56,,,,"Aloc,Avul"
e0BS,ewsp,!0717_AZ22,,,,"Aloc,Avul"
e0BR,ewsp,!0717_Stomp-large,,,,"Aloc,Avul"
e0BQ,ewsp,!0717_MoonWrath8,,,,"Aloc,Avul"
e0BP,ewsp,"!0717,!1210_Dimension SlashOriginal",,,,"Aloc,Avul"
e0BO,ewsp,!0716_[Spell]TownPortal2,,,,"Aloc,Avul"
e0BN,ewsp,!0716_LawGamma,,,,"A13B,Aloc,Avul"
e0BM,ewsp,"!0716,!0907_Slash_FlareAdditive0453",,,,"Aloc,Avul"
e0BL,ewsp,!0716_guangci_5743,,,,"Aloc,Avul"
e0BK,ewsp,!0716_DimensionSlashOriginal2,,,,"Aloc,Avul"
e0BJ,ewsp,"!0715,!0811_AZ",,,,"A170,Aloc,Avul"
e0BI,ewsp,!0715_!lightfilar4,,,,"A16A,Aloc,Avul"
e0BH,ewsp,"!0715,!0728_!beam5",,,,"Aloc,Avul"
e0BG,ewsp,!0715_wind_dust11,,,,"Aloc,Avul"
e0BF,ewsp,!1204_Effect BY_Wood_Eff_Ord_Bh3_Int_Imp,,,,"Aloc,Avul"
e0BE,ewsp,"!0715,!0725_BY_Wood_GongChengSiPai_46",,,,"Aloc,Avul"
e0BD,ewsp,!0715_Penance-Classic,,,,"Aloc,Avul"
e0BC,ewsp,"!0715,!0728,!1204_Effect Yellow Flash 1",,,,"Aloc,Avul"
e0BB,ewsp,!0712_turtle,,,,"Aloc,Avul"
e0BA,ewsp,!0714_lava crack,,,,"Aloc,Avul"
e0B9,ewsp,!0714_Gatekeepers_Pact,,,,"A0UX,Aloc,Avul"
e0B8,ewsp,"!0714,!0724_013",,,,"Aloc,Avul"
e0B7,ewsp,!0714_E_FireEX,,,,"Aloc,Avul"
e0B6,ewsp,!0713_icestomp2,,,,"A16F,Aloc,Avul"
e0B5,ewsp,!0713_FrozenDT,,,,"Aloc,Avul"
e0B4,ewsp,!0713_iceage_ice,,,,"Aloc,Avul"
e0B3,ewsp,!0713_freezingsplinter3,,,,"Aloc,Avul"
e0B2,ewsp,!0713_ice_bird,,,,"Aloc,Avul"
e0B1,ewsp,!0713_iceice6,,,,"Aloc,Avul"
e0B0,ewsp,!0713_A_Ice_niddile,,,,"Aloc,Avul"
e0AZ,ewsp,"!0712,!0723_Shiva'sWrath",,,,"Aloc,Avul"
e0AY,ewsp,!0712_000F5,,,,"Aloc,Avul"
e0AX,ewsp,!0712_SupremeGeiser,,,,"Aloc,Avul"
e0AW,ewsp,!0712_GreaterGeiser,,,,"Aloc,Avul"
e0AV,ewsp,!0711_impact_wave2,,,,"Aloc,Avul"
e0AU,ewsp,!0711_dtbluenoringblend,,,,"Aloc,Avul"
e0AT,ewsp,!0711_Valkhellgate7,,,,"Aloc,Avul"
e0AS,ewsp,!0711_cosmic field2,,,,"Aloc,Avul"
e0AR,ewsp,!0711_ThunderclapCasterBlack,,,,"Aloc,Avul"
e0AQ,ewsp,"!0711,!0811,!0904,!0909_by_kid4d",,,,"Aloc,Avul"
e0AP,ewsp,!0711_BY_Wood_Sand_YueKongJi_nocrack_black,,,,"Aloc,Avul"
e0AO,ewsp,"!0711,!0911_zise-smoke1",,,,"Aloc,Avul"
e0AN,ewsp,!0711_zise-smoke_tr3,,,,"Aloc,Avul"
e0AM,ewsp,!0801_sun4,,,,"A16O,Aloc,Avul"
e0AL,ewsp,!0710_Lightningbolt,,,,"Aloc,Avul"
e0AK,ewsp,!0710_Shanks_Kamu_CastHaki,,,,"Aloc,Avul"
e0AJ,ewsp,!0710_BY_Lightning01,,,,"Aloc,Avul"
e0AI,ewsp,!0710_Effect_Garpu,,,,"Aloc,Avul"
e0AH,ewsp,!0802_ubercloud5,,,,"Aloc,Avul"
e0AG,ewsp,!0710_Shanks_Kamu_Slash,,,,"Aloc,Avul"
e0AF,ewsp,!0710_orgia mode red,,,,"Aloc,Avul"
e0AE,ewsp,!0709_MusicTarget,,,,"A0VM,Aloc,Avul"
e0AD,ewsp,!0709_az-slash-blue,,,,"Aloc,Avul"
e0AC,ewsp,!0709_arua6__270,,,,"Aloc,Avul"
e0AB,ewsp,!0801_kongukan,,,,"Aloc,Avul"
e0AA,ewsp,!0802_Hancock,,,,"Aloc,Avul"
e0A9,ewsp,!0708_exshexian,,,,"Aloc,Avul"
e0A8,ewsp,!0708_EffectYellowLight,,,,"Aloc,Avul"
e0A7,ewsp,!0708_EffectSkyRing,,,,"Aloc,Avul"
e0A6,ewsp,!0708_mirrorzi_model_effects_jinsechongjipao,,,,"Aloc,Avul"
e0A5,ewsp,!0708_frakny_beamwave,,,,"Aloc,Avul"
e0A4,ewsp,!0708_EffectReviveHuman,,,,"Aloc,Avul"
e0A3,ewsp,"!0708,!0719,!0907,!0910_@fire6",,,,"Aloc,Avul"
e0A2,ewsp,!0707_robinhand,,,,"A0B5,Aloc,Avul"
e0A1,ewsp,!0708_Effect_Artillery_Franky,,,,"Aloc,Avul"
e0A0,ewsp,!0708_MoonWrath,,,,"Aloc,Avul"
e09Z,ewsp,!0707_frozenshell,,,,"Aloc,Avul"
e09Y,ewsp,!0707_Robin_dres9,,,,"Aloc,Avul"
e09X,ewsp,"!0707,!0911_BlinkPinkCaster",,,,"Aloc,Avul"
e09W,ewsp,!0707_cf2,,,,"Aloc,Avul"
e09V,ewsp,!0707_higante_base_attack,,,,"Aloc,Avul"
e09U,ewsp,"!0707,!0728,!1212_hit-white-guangxiao",,,,"Aloc,Avul"
e09T,ewsp,"!0707,!0911_moon_shin_WarStompCaster",,,,"Aloc,Avul"
e09S,ewsp,!0707_21,,,,"Aloc,Avul"
e09R,ewsp,!0707_#robintrskillnew_thin,,,,"Aloc,Avul"
e09Q,ewsp,"!0707,!1210_AZ_27hd1",,,,"Aloc,Avul"
e09P,ewsp,!0707_#BY_Wood_Effect_Order_Integration_Flow_1,,,,"AIl2,Aloc,Avul"
e09O,ewsp,!1305_missile,,,,"Aloc,Avul"
e09N,ewsp,!0705_t_effect-03,,,,"Aloc,Avul"
e09M,ewsp,!0705_slash-gold10,,,,"Aloc,Avul"
e09L,ewsp,!0705_NewDirtEXNofire_90,,,,"Aloc,Avul"
e09K,ewsp,!0705_NewDirtEXNofire3,,,,"Aloc,Avul"
e09J,ewsp,!0705_luffy_wano01_s1,,,,"Aloc,Avul"
e09I,ewsp,!0705_LW10,,,,"Aloc,Avul"
e09H,ewsp,!0705_Effect Interceptor Shell Explosion,,,,"Aloc,Avul"
e09G,ewsp,"!0704,!0718_Explorer_BOOM",,,,"Aloc,Avul"
e09F,ewsp,"!0704,!1212_!shot09",,,,"Aloc,Avul"
e09E,ewsp,"!0704,!0717_1gun55_dp",,,,"Aloc,Avul"
e09D,ewsp,!0716_Shiva'sEnchantment,,,,"Aloc,Avul"
e09C,ewsp,"!0704,!0705_SuperBigExplosion",,,,"Aloc,Avul"
e09B,ewsp,!0704_phoenix,,,,"Aloc,Avul"
e09A,ewsp,!0703_MarkOfChaosTarget,,,,"A0I9,Aloc,Avul"
e099,ewsp,!0703_namifire3,,,,"A097,A0ZQ,Aloc,Avul"
e098,ewsp,!0703_Mdx_Effect_Railgun,,,,"Aloc,Avul"
e097,ewsp,!0703_Mdx_Effect_Laser_Blue,,,,"Aloc,Avul"
e096,ewsp,!0703_BoltImpact,,,,"Aloc,Avul"
e095,ewsp,!0703_Stormfall,,,,"Aloc,Avul"
e094,ewsp,!0703_Thunder_nami7,,,,"Aloc,Avul"
e093,ewsp,"!0702,!0907_MCut2",,,,"Aloc,Avul"
e092,ewsp,!0702_Gikura_A,,,,"Aloc,Avul"
e091,ewsp,"!0702,!0807_rb7",,,,"Aloc,Avul"
e090,ewsp,"!0702,!1210_White SlashB",,,,"Aloc,Avul"
e08Z,ewsp,"!0702,!0721_zoro_eff6_purple",,,,"Aloc,Avul"
e08Y,ewsp,"!0702,!1205_az_qiliu2",,,,"Aloc,Avul"
e08X,ewsp,"!0702,!0710,!0720,!0906,!0911_az_firering1a",,,,"Aloc,Avul"
e08W,ewsp,"!0702,!0724,!0807_az3",,,,"Aloc,Avul"
e08V,ewsp,"!0539,!0702_EnergyBurst3sinobu",,,,"Aloc,Avul"
e08U,ewsp,!0806_cfdtz_n2__90,,,,"Aloc,Avul"
e08T,ewsp,!0806_az_yishan,,,,"Aloc,Avul"
e08S,ewsp,!0806_mihawkslash,,,,"Aloc,Avul"
e08R,ewsp,!0806_sw_zhaoyun3__352,,,,"Aloc,Avul"
e08Q,ewsp,"!0702,!0911_saitamawave3",,,,"Aloc,Avul"
e08P,ewsp,!1203_Effect Devil Slam__90,,,,"Aloc,Avul"
e08O,ewsp,"!0702,!0723,!0807_SkillW",,,,"Aloc,Avul"
e08N,ewsp,!0702_t_k_quick_effect,,,,"Aloc,Avul"
e08M,ewsp,!0701_REDshotingR1c,,,,"Aloc,Avul"
e08L,ewsp,"!0701,!0719,!0720_E_WhiteWaveS",,,,"Aloc,Avul"
e08K,ewsp,!0701_ioncannon2_sandi,,,,"Aloc,Avul"
e08J,ewsp,"!0701,!0718_!FireFist2",,,,"Aloc,Avul"
e08I,ewsp,!0701_!kick_type2,,,,"Aloc,Avul"
e08H,ewsp,"!0610,!0902_rl_kick_hit__90",,,,"Aloc,Avul"
e08G,ewsp,"!0610,!0723_animburst",,,,"Aloc,Avul"
e08F,ewsp,"!0610,!0908_Atsugai1",,,,"A17I,Aloc,Avul"
e08E,ewsp,"!0610,!0910_WindCirclefaster",,,,"Aloc,Avul"
e08D,ewsp,!0610_purple-shoot,,,,"Aloc,Avul"
e08C,ewsp,!0610_Tidal Burst,,,,"Aloc,Avul"
e08B,ewsp,!0607_ImperialFlamingWings_boom,,,,"A0S7,Aloc,Avul"
e08A,ewsp,!0607_Effect Mythic_Heal Orange,,,,"Aloc,Avul"
e089,ewsp,!0607_ImperialFlamingWings_slash,,,,"Aloc,Avul"
e088,ewsp,"!0607,!0910_BY_Wood_Sand_YueKongJi_nocrack",,,,"Aloc,Avul"
e087,ewsp,!0607_By_Feather2,,,,"Aloc,Avul"
e086,ewsp,!0607_BY_Fire_type4,,,,"Aloc,Avul"
e085,ewsp,"!0606,!0910_Effect_AZ_dust",,,,"Aloc,Avul"
e084,ewsp,"!0539,!0606,!1203_Effect White-Qiquan-Special",,,,"Aloc,Avul"
e083,ewsp,!0606_Mdx_Effect_06 Okita Dekan_Flash2,,,,"Aloc,Avul"
e082,ewsp,!0606_Mdx_Effect_06 Okita Dekan_Flash,,,,"Aloc,Avul"
e081,ewsp,"!0606,!0806_AZ_Z047",,,,"Aloc,Avul"
e080,ewsp,"!0606,!1201,!1205_az_yishan",,,,"Aloc,Avul"
e07Z,ewsp,!0606_AZ_Yin_Q1pink,,,,"Aloc,Avul"
e07Y,ewsp,"!0605,!0716,!0726,!0911_AZ_Zeusking_Impact-black",,,,"Aloc,Avul"
e07X,ewsp,!0605_az_gangtiex12_f4,,,,"Aloc,Avul"
e07W,ewsp,"!0605,!0710,!0725_[DZ_Spell]001",,,,"Aloc,Avul"
e07V,ewsp,!0605_az_tormentedsoul_t1,,,,"Aloc,Avul"
e07U,ewsp,!0605_!cftx2,,,,"Aloc,Avul"
e07T,ewsp,!0605_E_WarStompCaster_kata_45,,,,"Aloc,Avul"
e07S,ewsp,"!0605,!0609_Sgod_Slash_no99",,,,"Aloc,Avul"
e07R,ewsp,!1401_S-Snake,,,,"Aloc,Avul"
e07Q,ewsp,!0604_randomshot3_ain,,,,"Aloc,Avul"
e07P,ewsp,!0604_ShootGB2_ain,,,,"Aloc,Avul"
e07O,ewsp,!0601_shadow ball,,,,"Aloc,Avul"
e07N,ewsp,"!0604,!0606,!0702,!0727_fuzzystomp2",,,,"Aloc,Avul"
e07M,ewsp,"!0604,!0802_ShootGB2",,,,"Aloc,Avul"
e07L,ewsp,"!0604,!0701,!0705,!0708,!0719,!0909_k3",,,,"Aloc,Avul"
e07K,ewsp,!0603_[DZ.Spell]006,,,,"A0QX,Aloc,Avul"
e07J,ewsp,!0603_lb_hdg2,,,,"Aloc,Avul"
e07I,ewsp,!0603_MCut,,,,"Aloc,Avul"
e07H,ewsp,!0603_BlossomsMissile3,,,,"Aloc,Avul"
e07G,ewsp,"!0603,!1108_SAL1",,,,"Aloc,Avul"
e07F,ewsp,!0603_[kata]PinkSatelliteShelling,,,,"Aloc,Avul"
e07E,ewsp,!0603_Wind_Rebecca,,,,"A0V1,Aloc,Avul"
e07D,ewsp,!0603_Rebecca,,,,"Aloc,Avul"
e07C,ewsp,!0602_sandpoff,,,,"Aloc,Avul"
e07B,ewsp,!0602_sandsword,,,,"Aloc,Avul"
e07A,ewsp,!0602_AFBsand,,,,"Aloc,Avul"
e079,ewsp,!0418_Effect_Round_Qucik_Slash_Black,,,,"Aloc,Avul"
e078,ewsp,!0418_MasiSlash2L,,,,"Aloc,Avul"
e077,ewsp,!0418_az_pa_c-black,,,,"Aloc,Avul"
e076,ewsp,!0418_AZ_PA_C,,,,"Aloc,Avul"
e075,ewsp,!0418_AZ_PA_B23,,,,"Aloc,Avul"
e074,ewsp,!0602_spreading_air_Szdw,,,,"Aloc,Avul"
e073,ewsp,공격시 4.2% 확률로 발동,,,,"A0LW,Aloc,Avul"
e072,ewsp,!0602_SandTrap_Szup,,,,"Aloc,Avul"
e071,ewsp,!0602_AZ_Crixalis(1)_R,,,,"Aloc,Avul"
e070,ewsp,!0703_cumulonimbus,,,,"Aloc,Avul"
e06Z,ewsp,!0601_Enel_1B,,,,"Aloc,Avul"
e06Y,ewsp,!0703_BY_Wood_Effect_Texture_Density_Integration_5,,,,"Aloc,Avul"
e06X,ewsp,!0601_Enel_20M,,,,"Aloc,Avul"
e06W,ewsp,!0601_Enel_1m,,,,"Aloc,Avul"
e06V,ewsp,!0709_mahou_no_uta_by_deckai,,,,"Aloc,Avul"
e06U,ewsp,!0601_ethereallightning3,,,,"Aloc,Avul"
e06T,ewsp,"!0709,!0808_rin_missile",,,,"Aloc,Avul"
e06S,ewsp,!0601_ethereallightning5,,,,"Aloc,Avul"
e06R,ewsp,!0601_lightning ball,,,,"Aloc,Avul"
e06Q,ewsp,!0601_lightning strike,,,,"Aloc,Avul"
e06P,ewsp,!0601_supershinythingy,,,,"Aloc,Avul"
e06O,ewsp,"!0601,!0710_lb_hg2",,,,"Aloc,Avul"
e06N,ewsp,"!0601,!0703_Thunder_nami4",,,,"Aloc,Avul"
e06M,ewsp,"!0601,!0911_misaka light",,,,"A17M,Aloc,Avul"
e06L,ewsp,!1304_BlackMaria_Impact,,,,"Aloc,Avul"
e06K,ewsp,!1304_NERYUCHIGI,,,,"Aloc,Avul"
e06J,ewsp,!1304_AZ_powershot,,,,"Aloc,Avul"
e06I,ewsp,"!0717,!1304_mr_war3_zhizhuwang",,,,"A0T2,Aloc,Avul"
e06H,ewsp,"!1303,!1304_Queen_Plague",,,,"Aloc,Avul"
e06G,ewsp,"!0811,!1303_#queen_mana_mob4",,,,"Aloc,Avul"
e06F,ewsp,!1303_#skill_dilie,,,,"Aloc,Avul"
e06E,ewsp,!0908_Tranquility,,,,"Aloc,Avul"
e06D,ewsp,!0908_ubercloud2,,,,"Aloc,Avul"
e06C,ewsp,!0908_roarthunder,,,,"Aloc,Avul"
e06B,ewsp,"!0811,!1303_#AZ_TinyLava_T",,,,"Aloc,Avul"
e06A,ewsp,"!0811,!1303_#AZ_HeroMonkeyking_W1",,,,"Aloc,Avul"
e069,ewsp,!1302_dead,,,,"A0BW,Aloc,Avul"
e068,ewsp,"!0905,!0909,!1302_fortress3",,,,"A159,Aloc,Avul"
e067,ewsp,"!0806,!1302_StarfallTarget2",,,,"Aloc,Avul"
e066,ewsp,!1302_horo_explosion979,,,,"Aloc,Avul"
e065,ewsp,!1302_lb_horohoroghost2,,,,"Aloc,Avul"
e064,ewsp,"!0707,!0713,!1301_IceNova",,,,"Aloc,Avul"
e063,ewsp,!1301_!flare8__340,,,,"Aloc,Avul"
e062,ewsp,!1301_ShootGB1a,,,,"Aloc,Avul"
e061,ewsp,!1301_dustwave3,,,,"Aloc,Avul"
e060,ewsp,!0538_Hibari_Bullet,,,,"A0HP,Aloc,Avul"
e05Z,ewsp,"!0538,!0710,!0724,!0729_AZ_KQZF",,,,"Aloc,Avul"
e05Y,ewsp,"!0538,!0603,!0720,!0721,!0729_BY_Wood_Effect_Dash2",,,,"Aloc,Avul"
e05X,ewsp,"!0537,!0725_BY_Storm2",,,,"A15T,Aloc,Avul"
e05W,ewsp,"!0537,!0702,!0719_AZ_DG001_1",,,,"Aloc,Avul"
e05V,ewsp,"!0537,!0708,!0719_Ephemeral Slash Purple2",,,,"Aloc,Avul"
e05U,ewsp,"!0536,!0716,!0720_injection",,,,"Aloc,Avul"
e05T,ewsp,"!0536,!0607,!0810_@SlashCRIT23",,,,"A05S,Aloc,Avul"
e05S,ewsp,"!0536,!0716_EnergyBurst2-law",,,,"A05S,Aloc,Avul"
e05R,ewsp,!0536_slash5,,,,"Aloc,Avul"
e05Q,ewsp,"!0535,!0607_AZ_Lordgarithospf_W11",,,,"A05Y,A05X,Aloc,Avul"
e05P,ewsp,"!0535,!0910_by_fire4",,,,"A05X,Aloc,Avul"
e05O,ewsp,"!0535,!0607,!0702_BY_Wood_Eff_Ord_YeYe_Wid_KuoSan_1",,,,"Aloc,Avul"
e05N,ewsp,!0534_SlowCaster,,,,"A05V,Aloc,Avul"
e05M,ewsp,!0720_Tashigi,,,,"Aloc,Avul"
e05L,ewsp,!0532_suijinha,,,,"Aloc,Avul"
e05K,ewsp,!0609_BY_Wood_Effect_Dash_M,,,,"Aloc,Avul"
e05J,ewsp,"!0531,!0811,!0909_AZ_Yin_Q12",,,,"Aloc,Avul"
e05I,ewsp,"!0531,!0802_EnergyBurst2",,,,"Aloc,Avul"
e05H,ewsp,"!0530,!0910_windball",,,,"Aloc,Avul"
e05G,ewsp,"!0530,!0716,!0725_AZ_Zeusking_Impact-blue",,,,"Aloc,Avul"
e05F,ewsp,"!0530,!0909_ulti_Effect",,,,"Aloc,Avul"
e05E,ewsp,데미지텍스트용,,,,"Aloc,Avul"
e05D,ewsp,!0609_AZ_Rush_m0_350,,,,"Aloc,Avul"
e05C,ewsp,"!0529,!0904_tx-ed",,,,"Aloc,Avul"
e05B,ewsp,"!0529,!0904_Cleave__90",,,,"Aloc,Avul"
e05A,ewsp,!0528_Effect_MirrorImage,,,,"Aloc,Avul"
e059,ewsp,"!0527,!0902_s_PowerCharge_Effect_Portrait",,,,"A15Q,Aloc,Avul"
e058,ewsp,!0526_PsychicTarget,,,,"A15P,Aloc,Avul"
e057,ewsp,!0524_mihawkslashhit2,,,,"A07C,Aloc,Avul"
e056,ewsp,!0524_ShadowAssault90,,,,"Aloc,Avul"
e055,ewsp,"!0524,!0606,!1108_!piercing5",,,,"Aloc,Avul"
e054,ewsp,!0524_slash-gold11,,,,"Aloc,Avul"
e053,ewsp,!0523_boom_white,,,,"Aloc,Avul"
e052,ewsp,"!0523,!0910_kaido_shock",,,,"Aloc,Avul"
e051,ewsp,!0523_yadospell,,,,"A0MP,Aloc,Avul"
e050,ewsp,!0521_RoarCaster,,,,"A075,Aloc,Avul"
e04Z,ewsp,!0521_HolyBoltSpecialArt,,,,"Aloc,Avul"
e04Y,ewsp,!0609_Effect AZ_S_blue,,,,"Aloc,Avul"
e04X,ewsp,"!0519,!0606_az-slash-pink4",,,,"Aloc,Avul"
e04W,ewsp,!0517_horo_explosion979_pink,,,,"Aloc,Avul"
e04V,ewsp,!0517_PoisonBall3,,,,"Aloc,Avul"
e04U,ewsp,!0609_AZ_Punch_blue,,,,"Aloc,Avul"
e04T,ewsp,"!0516,!0701,!0802_[Spell]ElementalEffectHoly5",,,,"A0NU,Aloc,Avul"
e04S,ewsp,"!0516,!0802_[DZ_Spell]001_pink",,,,"Aloc,Avul"
e04R,ewsp,!0516_Hancock,,,,"Aloc,Avul"
e04Q,ewsp,!0516_EnergyBurst4sinobu,,,,"Aloc,Avul"
e04P,ewsp,!0515_hero_kuma_pawaura,,,,"A15M,Aloc,Avul"
e04O,ewsp,!0515_ShockStompCaster1,,,,"Aloc,Avul"
e04N,ewsp,!0515_SpiritoftheEarth5,,,,"Aloc,Avul"
e04M,ewsp,!0515_KumaPad3,,,,"A15L,Aloc,Avul"
e04L,ewsp,"!0515,!0521_FJB",,,,"Aloc,Avul"
e04K,ewsp,!0514_bar_shield,,,,"Aloc,Avul"
e04J,ewsp,!0514_Compression2,,,,"A15K,Aloc,Avul"
e04I,ewsp,"!0513,!0701,!0908_NewDirtEXNofire00",,,,"Aloc,Avul"
e04H,ewsp,"!0513,!0605,!0606,!0702,!0902_windfaster",,,,"Aloc,Avul"
e04G,ewsp,"!0512,!0515,!1304,!0603,!0701,!0722,!0811,!0911_E_WarStompCaster",,,,"A136,Aloc,Avul"
e04F,ewsp,!0512_WarStomp_90Degree_WhiteColor,,,,"Aloc,Avul"
e04E,ewsp,!0512_AZ_ChongFeng,,,,"Aloc,Avul"
e04D,ewsp,!0714_magmahandBig,,,,"Aloc,Avul"
e04C,ewsp,!0511_BlackEnergyCharge,,,,"Aloc,Avul"
e04B,ewsp,!0714_magmahand,,,,"Aloc,Avul"
e04A,ewsp,!0511_ShadowAssault,,,,"Aloc,Avul"
e049,ewsp,!0510_uberdarkwave,,,,"Aloc,Avul"
e048,ewsp,"!0509,!0609_EffectInvisibleAirCharge2",,,,"Aloc,Avul"
e047,ewsp,"!0509,!0609_featheraura135",,,,"Aloc,Avul"
e046,ewsp,"!0508,!0901_re3",,,,"Aloc,Avul"
e045,ewsp,"!0508,!0528,!0803,!0807_!sslash3",,,,"Aloc,Avul"
e044,ewsp,"!0508,!0702_Akiha Claw Whi",,,,"Aloc,Avul"
e043,ewsp,!0507_AbominationExplosion,,,,"Aloc,Avul"
e042,ewsp,"!0507,!0711,!0904_ThunderClapCaster22",,,,"Aloc,Avul"
e041,ewsp,"!0506,!0712,!0907_ancientexplode",,,,"A15E,Aloc,Avul"
e040,ewsp,!0505_AZ-Ice-Zhendi3,,,,"Aloc,Avul"
e03Z,ewsp,!0504_Thunder_nami1,,,,"Aloc,Avul"
e03Y,ewsp,!0504_[Spell]TownPortal3,,,,"A045,Aloc,Avul"
e03X,ewsp,!0503_kdumy,,,,"Aloc,Avul"
e03W,ewsp,!0503_Firewall,,,,"Aloc,Avul"
e03V,ewsp,"!0503,!0704,!0805_bulletexplosion2",,,,"A0AR,Aloc,Avul"
e03U,ewsp,!0716_dustwave2,,,,"A0J0,Avul,Aloc"
e03T,ewsp,!0502_az_bat,,,,"A0AX,A0AV,A0AW,Aloc,Avul"
e03S,ewsp,"!0501,!0714_WarStomp",,,,"Aloc,Avul"
e03R,ewsp,"!0425,!0710,!1203_Effect Devil Slam",,,,"Aloc,Avul"
e03Q,ewsp,!0424_ThunderAura,,,,"Aloc,Avul"
e03P,ewsp,!0424_TomeOfRetrainingCaster,,,,"Aloc,Avul"
e03O,ewsp,"!0421,!0708,!0907_Conflagrate Blue",,,,"A15B,Aloc,Avul"
e03N,ewsp,"!0421,!0726_Franky_sunnny2_eff",,,,"A15C,Aloc,Avul"
e03M,ewsp,!0418_!crimsonwake!,,,,"Aloc,Avul"
e03L,ewsp,!0418_Mr.War3_XZ4,,,,"Aloc,Avul"
e03K,ewsp,!0418_ph_dajian_daoguang012,,,,"Aloc,Avul"
e03J,ewsp,!0418_AZ_PA_B11,,,,"Aloc,Avul"
e03I,ewsp,!0417_dierge,,,,"A0C6,Aloc,Avul"
e03H,ewsp,!0416_feralspiritdone,,,,"A158,Aloc,Avul"
e03G,ewsp,!0414_Sgod_Slash_no99,,,,"A0H2,Aloc,Avul"
e03F,ewsp,"!0414,!0606,!0806_mihawkslashhit2",,,,"Aloc,Avul"
e03E,ewsp,!0414_darkblade,,,,"A0H1,Aloc,Avul"
e03D,ewsp,!0413_Effect_Shadow_Assault_Mini,,,,"A157,A0GU,Aloc,Avul"
e03C,ewsp,!0413_AOE21a,,,,"Aloc,Avul"
e03B,ewsp,"!0413,!0417,!0421,!0610_Effect Hit Wave",,,,"Aloc,Avul"
e03A,ewsp,"!0412,!0807,!1212_az-slash-red",,,,"Aloc,Avul"
e039,ewsp,"!0411,!0727_sujiejianglin3",,,,"Aloc,Avul"
e038,ewsp,!0305_50,,,,"Aloc,Avul"
e037,ewsp,"!0411,!0727_mokuton3",,,,"Aloc,Avul"
e036,ewsp,"!0410,!0711_newgroundex",,,,"Aloc,Avul"
e035,ewsp,!0410_FlameStrike1,,,,"Aloc,Avul"
e034,ewsp,!0410_Lava Slam,,,,"A0VL,Aloc,Avul"
e033,ewsp,"!0410,!0702,!0714_Dash_Sfx",,,,"Aloc,Avul"
e032,ewsp,!0410_magmahandBig,,,,"Aloc,Avul"
e031,ewsp,"!0409,!0713_Shard111",,,,"A156,Aloc,Avul"
e030,ewsp,!0407_BoltImpact,,,,"Aloc,Avul"
e02Z,ewsp,!0406_#Hidden_kiku_mana,,,,"Aloc,Avul"
e02Y,ewsp,!0406_az_pa_c_blue2,,,,"Aloc,Avul"
e02X,ewsp,"!0406,!0720,!0722_Akiha Claw-blue",,,,"Aloc,Avul"
e02W,ewsp,!0404_VolcanoDeath,,,,"Aloc,Avul"
e02V,ewsp,!0403_DarkSummonTarget,,,,"A155,Aloc,Avul"
e02U,ewsp,!0609_Effect_M_B__90,,,,"Aloc,Avul"
e02T,ewsp,"!0402,!0410,!0520,!0714_NewDirtEXNofire",,,,"A154,A0VL,Aloc,Avul"
e02S,ewsp,"!0402,!0910_red-zhendi-2",,,,"Aloc,Avul"
e02R,ewsp,!0908_TornadoElementalSmall,,,,"Aloc,Avul"
e02Q,ewsp,!0402_!effect2,,,,"A0DR,Aloc,Avul"
e02P,ewsp,!0401_natureexplosion2,,,,"A153,Aloc,Avul"
e02O,ewsp,!0306_E_WarStompCaster__90,,,,"Aloc,Avul"
e02N,ewsp,"!0306,!0718,!0801,!0802,!1301_flamestrike3__90",,,,"Aloc,Avul"
e02M,ewsp,!0306_[ruchi_effect]guipaiqigong_blue2,,,,"Aloc,Avul"
e02L,ewsp,!0306_LUFFYQ4,,,,"Aloc,Avul"
e02K,ewsp,!0306_BlinkCaster_white,,,,"Aloc,Avul"
e02J,ewsp,"!0305,!0406,!0534_punch2",,,,"A17W,Aloc,Avul"
e02I,ewsp,"!0305,!0508,!0807_nituzuo3_5",,,,"A0AA,Aloc,Avul"
e02H,ewsp,!0906_E_BlueLightBurst2__21,,,,"Aloc,Avul"
e02G,ewsp,!0906_IonCannonWave,,,,"A17E,Aloc,Avul"
e02F,ewsp,!0304_Effect_AZ_T_Misslie,,,,"Aloc,Avul"
e02E,ewsp,!0304_!FireFist4,,,,"Aloc,Avul"
e02D,ewsp,"!0811,!0906_PsychicTarget0302",,,,"Aloc,Avul"
e02C,ewsp,!0304_eqh08,,,,"A0RI,Aloc,Avul"
e02B,ewsp,"!0304,!0801_katongoukamekkyaku",,,,"Aloc,Avul"
e02A,ewsp,"!0304,!0718,!0801_!Flame Aura",,,,"A0RI,Aloc,Avul"
e029,ewsp,"!0303,!0406_az_pa_c_blue",,,,"Aloc,Avul"
e028,ewsp,"!0302,!0605_1shiningflare3",,,,"Aloc,Avul"
e027,ewsp,"!0301,!0717_AZ_Knife_light2T4",,,,"Aloc,Avul"
e026,ewsp,!0907_PsychicTarget2,,,,"A17F,Aloc,Avul"
e025,ewsp,"!0301,!0717_Railgun3t",,,,"Aloc,Avul"
e024,ewsp,!0301_1gun55_d,,,,"Aloc,Avul"
e023,ewsp,!0242_fallinlove5,,,,"A054,Aloc,Avul"
e022,ewsp,!0242_VampiricAura,,,,"Aloc,Avul"
e021,ewsp,"!0240,!0718,!0801_Asuma-Explosion4",,,,"A0UO,Aloc,Avul"
e020,ewsp,!0609_Effect_Slam_M,,,,"Aloc,Avul"
e01Z,ewsp,"!0238,!0602_!watersteal2",,,,"Aloc,Avul"
e01Y,ewsp,!0609_[sar4,,,,"Aloc,Avul"
e01X,ewsp,!0235_NewSparksEX,,,,"Aloc,Avul"
e01W,ewsp,!0234_@100,,,,"Aloc,Avul"
e01V,ewsp,!0234_gem_two_diamond,,,,"Aloc,Avul"
e01U,ewsp,"!0234,!0606,!0708,!0719,!0720_nituzuo2",,,,"Aloc,Avul"
e01T,ewsp,!0233_JudgementTarget,,,,"A0EU,Aloc,Avul"
e01S,ewsp,!0233_tiger,,,,"Aloc,Avul"
e01R,ewsp,!0608_ReapersClawsRed,,,,"Aloc,Avul"
e01Q,ewsp,!0231_DarkSummonTarget,,,,"A151,Aloc,Avul"
e01P,ewsp,!0230_effect_chanrao,,,,"A150,Aloc,Avul"
e01O,ewsp,!0608_ReapersClawsRed2,,,,"Aloc,Avul"
e01N,ewsp,!0608_BS,,,,"Aloc,Avul"
e01M,ewsp,!0224_FireLordDeathExplode,,,,"Aloc,Avul"
e01L,ewsp,!0226_FrostNovaTarget,,,,"A12Y,Aloc,Avul"
e01K,ewsp,!0225_ph_dajian_daoguang012,,,,"Aloc,Avul"
e01J,ewsp,"!0222,!0705,!0710,!0719_WarStompCaster_nocrack",,,,"A0TP,Aloc,Avul"
e01I,ewsp,!0217_bulletdummy,,,,"Aloc,Avul"
e01H,ewsp,"!0216,!0705_Effect_AZ_T_Misslie",,,,"A0MO,Aloc,Avul"
e01G,ewsp,!0213_TauntCaster,,,,"A14X,Aloc,Avul"
e01F,ewsp,!0212_DefendCaster,,,,"Aloc,Avul"
e01E,ewsp,!0211_mihawkslashhit,,,,"Aloc,Avul"
e01D,ewsp,"!0210,!0911_az-xiapi",,,,"A0FG,Aloc,Avul"
e01C,ewsp,!0209_magellan003,,,,"A0FE,Aloc,Avul"
e01B,ewsp,!0207_Akiha Claw sakura,,,,"Aloc,Avul"
e01A,ewsp,초월위습,,,,"Aeth,Avul"
e019,ewsp,희귀위습,,,,"Aeth,Avul"
e018,ewsp,흔함선택위습,,,,"Aeth,Avul"
e017,ewsp,안흔함위습,,,,"Aeth,Avul"
e016,ewsp,특별위습,,,,"Aeth,Avul"
e015,ewsp,전설위습,,,,"Aeth,Avul"
e014,ewsp,"!0206,!0707,!0712,!0718,!1301_FreezingRing",,,,"A0MN,Aloc,Avul"
e013,ewsp,"!0206,!0403,!0603_WarStompCaster",,,,"A0MN,Aloc,Avul"
e012,ewsp,"!0205,!0518,!0530_kkslq8",,,,"Aloc,Avul"
e011,ewsp,"!0205,!0529,!0719,!1203_ThunderClapCaster",,,,"Aloc,Avul"
e010,ewsp,!0204_Stomp,,,,"Aloc,Avul"
e00Z,ewsp,"!0203,!0510,!0711_AvengerMissile2",,,,"Aloc,Avul"
e00Y,ewsp,"!0203,!0510,!0711_BlackHoles",,,,"A0A2,Aloc,Avul"
e00X,ewsp,"!0202,!0234,!0411,!0719_fuzzystomp",,,,"A152,Aloc,Avul"
e00W,ewsp,"!0202,!0602,!0704_WARRR2111",,,,"A0PR,Aloc,Avul"
e00V,ewsp,!0202_CatapultMissile3,,,,"Aloc,Avul"
e00U,ewsp,"!0208,!0911_JDP_Blue2",,,,"A0FC,Aloc,Avul"
e00T,ewsp,"!0121,!0233_darkblade",,,,"Aloc,Avul"
e00S,ewsp,!0608_ch,,,,"Aloc,Avul"
e00R,ewsp,!0114_baSICSTRIKE2,,,,"Aloc,Avul"
e00Q,ewsp,!0114_LaserStrike14,,,,"Aloc,Avul"
e00P,ewsp,"!0113,!0410,!0714_DoomDeath4",,,,"Aloc,Avul"
e00O,ewsp,!0608_az-slash-red,,,,"Aloc,Avul"
e00N,ewsp,!0608_bloq3,,,,"Aloc,Avul"
e00M,ewsp,!0608_AZ_BaoHunJue2,,,,"Aloc,Avul"
e00L,ewsp,!0608_chushou_by_wood_effect_blood_xuebao,,,,"Aloc,Avul"
e00K,ewsp,!0104_Cyclone,,,,"A089,Aloc,Avul"
e00J,ewsp,"!0607,!0702_swordeff1",,,,"Aloc,Avul"
e00I,ewsp,"!0607,!0702,!1210_animeslashfinal",,,,"Aloc,Avul"
e00H,ewsp,!0728_Bonney_Kuma,,,,"Aloc,Avul"
e00G,ewsp,!0721_BY_Fire_type4,,,,"Aloc,Avul"
e00F,ewsp,!0717_BirdCage,,,,"A0RJ,Avul,Aloc"
e00E,ewsp,!0721_LucciAwk_e0FG,,,,"Aloc,Avul"
e00D,ewsp,!0721_JudgementTarget,,,,"Aloc,Avul"
e00C,ewsp,!0716_LawRoom,,,,"Avul,Aloc"
e00B,ewsp,!0610_BugiShip,,,,"Aloc,Avul"
e00A,ewsp,!0610_Alvida,,,,"Aloc,Avul"
e009,ewsp,!0805_DevilSlams2__90,,,,"Aloc,Avul"
e008,ewsp,!0718_FirePillar,,,,"A0MK,Aloc,Avul"
e007,ewsp,!0716_White SlashB,,,,"Aloc,Avul"
e006,ewsp,!0716_[Spell]AliceShootingStar,,,,"A0J3,Aloc,Avul"
e005,ewsp,!0604_Ain,,,,"Aloc,Avul"
e004,ewsp,!1303_Queen BR2,,,,"Aloc,Avul"
e003,ewsp,라인몹이속더미,,,,Avul
e002,ewsp,!1301_ef-modelpack,,,,"Aloc,Avul"
e001,ewsp,!0424_PurgeBuffTarget,,,,"Aloc,Avul"
e000,ewsp,!1302_Flamestrike Mystic II3,,,,"Aloc,Avul"
H0CO,hrif,해군의 미래,코비 - 초월,0.71,,"A0WP,AInv,Avul,A07O,A1CS,A1CQ,A1CT,A1CR,A1CU,A1CV,A1CW"
H0CL,hrif,검은 정의를 좇는 하얀 새,로브 루치 - 초월,0.54,,"A129,A1CE,A0WP,AInv,A0RB,A07O,A0R5,A0R4,A0R3,A1CG,Avul"
H0C4,hrif,기록지침,기록지침,0.8,135,"A700,A05D,AInv,Avul,A0KP,A0NV,AG00,AG20"
H0BY,Hvwd,니카 같은 미래,주얼리 보니 - 초월,0.85,100,"AInv,Avul,A07O,A0V8,A0V9,A0VA,A0VB,A0VC,A0WH"
H0BX,Hvwd,일그러진 미래,주얼리 보니 - 초월,0.9,150,"AInv,Avul,A07O,A0V8,A0V9,A0VA,A0VB,A0VC,A0VH"
H0BV,Hvwd,프랑키 장군,프랑키 - 초월,0.75,150,"A0E2,A0E3,A188,A187,A0NY,A0WP,AInv,Avul,A07O"
H0BT,hrif,염왕,롤로노아 조로 - 초월,0.67,145,"A15Z,A15Y,A0QB,A0QC,A0QE,A0WP,AInv,Avul,A07O"
H0BS,hfoo,아이템도박-,,,,Aloc
H0BO,hrif,신 해군대장 초록 소,료쿠규 - 초월,0.77,130,"A17G,A0WP,AInv,A0SY,A15F,A15G,A15I,A15J,Avul,A07O"
H0BL,hrif,신 해군대장 초록 소,료쿠규 - 초월,0.84,130,"A11Y,A0SY,A15F,A15G,A15I,A15J,Avul,A07O,A0WP,AInv"
H0BK,hrif,태양의 신,니카 - 영원,0.57,150,"A906,A0UF,A0UC,A0UM,A0UK,A0UL,A0UD,A0UI,AInv,Avul,A07O"
H0BE,Hvwd,오니히메 인수화,야마토 - 초월,0.92,,"A12B,A12H,A12G,A12A,A0WP,AInv,A12P,Avul,A07O"
H0BD,Hvwd,오니히메,야마토 - 초월,0.99,,"A12Z,A12H,A12G,A12B,A12A,A0WP,AInv,A12P,Avul,A07O"
H0B7,hfoo,능력치 증가,,,,Aloc
H0B6,hrif,몬스터포인트,토니토니 쵸파 - 초월,1.2,150,"A0ON,A0OK,A0OJ,A0OL,A0OI,A0WP,AInv,Avul,A07O"
H0B5,hrif,해군대장 노란 원숭이,키자루 - 초월,0.64,100,"A0DX,A0P1,A0MD,A0ME,A0MF,A0MG,A0WP,AInv,Avul,A07O"
H0B4,hrif,신세대의 이단아,유스타스 키드 - 초월,0.99,,"A12I,A104,A10F,A10E,A10D,A103,A102,A101,Avul,A07O,A0WP,AInv"
H0B3,hrif,다섯번째 황제,루피-블랙맘바 - 초월,0.45,85,"A0WP,AInv,A1BE,A0XI,A0XH,A0X4,A0F2,Avul,A07O"
H0B2,hrif,다섯번째 황제,스네이크맨 - 초월,0.48,85,"A186,A0WP,AInv,A1BE,A0XI,A0XH,A0F2,A0X4,Avul,A07O"
H0B1,hrif,전 해군대장 푸른 꿩,아오키지 - 초월,0.69,85,"A0WP,AInv,A0ZG,A0ZF,A0FR,A0G1,A0D5,Avul,A07O"
H0B0,hfoo,고급 유닛 생성,,,,Aloc
H0AZ,hfoo,돈도박 고급,,,,Aloc
H0AY,hrif,사메하다,호시가키 키사메 - 초월,0.89,100,"A11Q,A0P3,A0P4,A0P5,A0P6,A0P7,A0WP,AInv,Avul,A07O,A120"
H0AW,hfoo,유닛도박 이세계,,,,Aloc
H0AU,hfoo,미션 - 깅 제압,,,,Aloc
H0AT,hfoo,미션 - 클리크 제압,,,,Aloc
H0AS,hfoo,미션 - 그림자를 흡수한 모리아 처치,,,,Aloc
H0AR,hfoo,미션 - 피카 처치,,,,Aloc
H0AQ,hfoo,미션 - 폭군 와포루 처치,,,,Aloc
H0AP,hfoo,미션 - 거프 저지,,,,Aloc
H0AO,hfoo,미션 - 바제스 처치,,,,Aloc
H0AM,hrif,PUNK - 06,요크 - 초월,0.75,100,"A0RA,A0D7,A0WP,AInv,Avul,A07O"
H0AE,hrif,PUNK - 05,아틀라스 - 초월,1.15,110,"A047,A044,A0WP,AInv,Avul,A07O,A0FK"
H0AB,hrif,PUNK - 02,릴리스 - 초월,0.63,90,"A0RC,A034,A033,A0WP,AInv,Avul,A07O"
H0AA,hrif,세계 최고의 과학자,닥터 베가펑크 - 초월,0.62,200,"A05M,A05G,A06K,A14N,A14U,A0WP,AInv,Avul,A07O"
H0A5,Hvwd,여름휴가 타시기,타시기 - 초월,0.88,135,"A0WP,AInv,A0KL,A0JH,A0JG,Avul,A07O,A0JI,A0JJ,A0C8,A120"
H09I,hrif,소울 킹,브룩 - 초월,0.61,115,"A0WP,AInv,A0VO,A0Q7,A0LT,A0SR,A0LU,A0AU,Avul,A07O"
H09H,hrif,지옥에서 돌아온 자,상디 - 초월,0.46,115,"A0WP,AInv,Avul,A07O,A04S,A04V,A04U,A04T,A04W,A04X"
H09G,hrif,지옥에서 돌아온 자,상디 - 초월,0.44,115,"A050,AInv,Avul,A07O,A04S,A04V,A04U,A04T,A04W,A051"
H09F,hrif,최강의 검사,롤로노아 조로 - 초월,0.67,145,"A0Q8,A0Q9,A0QA,A0QB,A0QC,A0QE,A0WP,AInv,Avul,A07O"
H09E,hrif,어둠의 조커,돈키호테 도플라밍고 - 초월,0.62,150,"A0WP,AInv,A07O,Avul,A0BM,A0CB,A0CC,A0CD,A0CG,A0CJ,A0CK"
H09D,hrif,어둠의 조커,각성 도플라밍고 - 초월,0.59,150,"A0WP,AInv,A07O,Avul,A0BM,A0CB,A0CC,A0CD,A0IV,A0CF"
H09C,hrif,바다의 전사,우솝 - 초월,0.48,140,"A0OY,A0OZ,A0OS,A0OX,A0OR,A0WP,AInv,A07O,Avul"
H09B,hrif,바다의 전사,우솝 - 초월,0.52,140,"A0OT,A0OW,A0OY,A0OU,A0OS,A0OX,A0OR,A0WP,AInv,A07O,Avul"
H09A,hrif,바다의 협객,징베 - 초월,0.89,100,"A11Q,A0P3,A0P4,A0P5,A0P6,A0P7,A0WP,AInv,Avul,A07O"
H099,hrif,해적왕이 될 사나이,몽키.D.루피 - 초월,0.38,160,"A04C,A04B,A04A,A048,AInv,Avul,A07O,A049,A04E"
H098,hrif,악마의 자식,니코 로빈 - 초월,0.71,,"AInv,A0B3,A0B2,A0B0,A0B1,A0AY,Avul,A07O,A0AZ"
H097,hrif,전 해군대장 푸른 꿩,아오키지 - 초월,0.69,85,"A0WP,AInv,A0SU,A0ZG,A0ZF,A0FR,A0G1,A0D5,Avul,A07O"
H096,hrif,백개의 심장을 바친 자,트라팔가 로우 - 초월,0.64,135,"A10T,A0IX,A0J9,A0DY,A0IZ,A0KD,Avul,A07O,A0WP,AInv"
H095,hrif,해군원수 붉은 개,아카이누 - 초월,0.73,135,"A0WP,AInv,A0YQ,A0LO,A0HG,A0HB,A0E8,A06S,Avul,A07O"
H094,hrif,운명의 마술사,바질 호킨스 - 초월,0.71,100,"A0WP,AInv,A0PJ,A0PE,A0PI,A0PK,A0PH,A0PG,A0PF,A07O,Avul"
H093,hrif,몬스터포인트,토니토니 쵸파 - 초월,1.2,,"A12X,A0OK,A0OJ,A0OI,A0WP,AInv,Avul,A07O"
H092,hrif,혁명군 참모총장,사보 - 초월,0.79,125,"A0MI,AInv,Avul,A07O,A0M4,A0M3,A0M1,A0M5,A0M2"
H091,hrif,순록 의사,토니토니 쵸파 - 초월,0.62,150,"A0OO,A0ON,A0OK,A0OJ,A0OI,A0OL,A0WP,AInv,Avul,A07O"
H090,hrif,치밀하고 비열한 어둠,검은수염 - 초월,0.61,,"A13N,A0WP,AInv,A0VP,A0HS,A0HU,A0GX,A0D0,Avul,A07O"
H08Z,hrif,정상해전 종결자,샹크스 - 초월,0.6,35,"A0WP,AInv,A0S2,A0I2,A0I1,A0I0,A0DE,Avul,A07O,A0XO"
H08Y,hrif,무적의 아이언 파이러츠,프랑키 - 초월,0.75,150,"A12D,A0E2,A0E3,A0E4,A0G7,A0G6,A0WP,AInv,Avul,A07O"
H08X,hrif,분노하는 맹호,후지토라 잇쇼우 - 초월,0.94,140,"A0WP,AInv,Avul,A07O,A11X,A0CM,A0CL,A0CN,A0CO,A0CP"
H08W,hrif,검은 정의를 좇는 하얀 새,로브 루치 - 초월,0.54,,"A129,A0WP,AInv,A0RB,A07O,A0R5,A0R4,A0R2,A0R3,Avul"
H08V,hrif,날씨는 맑음,나미 - 초월,0.63,,"A0SO,A0W0,A0I4,A0I5,A0I6,A0I7,A0WP,AInv,Avul,A07O"
H08U,hrif,해왕류를 다스리는 인어공주,시라호시 - 초월,0.7,120,"A0WP,AInv,A0RS,A0KZ,A0L1,A0L0,A0L7,Avul,A07O"
H08T,Hvwd,루피 or 스네이크맨 - 초월,두 초월유닛 모두 재료로 사용가능,0.63,,"Avul,A07O"
H08J,hrif,해군대장 노란 원숭이,키자루 - 초월,0.64,100,"A0FO,A0P1,A0MD,A0ME,A0MF,A0MG,A0WP,AInv,Avul,A07O"
H08E,hrif,바니걸,니코 로빈 - 초월,0.71,,"AInv,A0B3,A0B2,A0B0,A0B1,A0AY,Avul,A07O,A0AZ,A120"
H08B,hrif,바니걸,나미 - 초월,0.63,,"A0SO,A0W0,A0I4,A0I5,A0I6,A0I7,A0WP,AInv,Avul,A07O,A120"
H05N,Hvwd,해군의 홍일점,타시기 - 초월,0.88,135,"A0WP,AInv,A0KL,A0JH,A0JG,Avul,A07O,A0JI,A0JJ,A0C8"
H05M,hrif,기록지침,기록지침,0.8,135,"AInv,Avul,A0NW,AI00,AI01,AI02,AI03,AI04,AI05,AI06,AI07,AI08,AI09,AI10,AI11,AI12,AI13,AI14,AI15,AI16,AI17,AI18,AI19,AI20,AI21"
H0BN,hrif,백개의 심장을 훔친 자,트라팔가 로우 - 초월,0.64,135,"A10T,A0IX,A0J9,A0DY,A0IZ,A0KD,Avul,A07O,A0WP,AInv,A120"
h0BP,hrif,f로우 감마나이프 분신 - 초월,,0.64,,"Avul,Aloc"
e0KN,ewsp,!0716_LawRoom2,,,,"Avul,Aloc"
h0BQ,hrif,펄스건 마르코 - 전설,,0.64,,"A011,Avul,A0A3,A0A4,A0A5,A912,A120"
e0L5,ewsp,"!0509,!1202_Effect BY_Wood_Eff_Ord_NiYa_Bh3_LiXingZaoWu",,,,"Aloc,Avul"
e0MR,ewsp,"!0509,!1202_Effect Blue-Shandian-Qiquan",,,,"Aloc,Avul"
e0MS,ewsp,"!0509,!1202_Effect BY_Wood_Eff_Ord_NiYa_Bh3_QuanFeng",,,,"Aloc,Avul"
e0MT,ewsp,!0725_kid,,,,"A104,Aloc,Avul"
h0E5,hfoo,!!!!!비오식만능더미,,,1000,"Aloc,Amrf,Avul"
h0BU,hrif,환전소,기록지침,0.8,,"AInv,Avul,A0CI,A0EZ,A0DB,A0IY,A0JR,A0BV,A0MA"
e0MW,ewsp,!1201_Nezuko3-1,,,,"Aloc,Avul"
e0MX,ewsp,!1201_NezukoSpin,,,,"Aloc,Avul"
e0MY,ewsp,!1201_NezukoSpin2,,,,"Aloc,Avul"
e0N1,ewsp,"!1202,!1203_Effect TX_Shunshenzhishu",,,,"Aloc,Avul"
e0N2,ewsp,!1202_Effect File00002124,,,,"Aloc,Avul"
e0N3,ewsp,!1202_Effect Cast Blue,,,,"Aloc,Avul"
e0N4,ewsp,!1202_Effect Charge A Blue Light Short,,,,"Aloc,Avul"
e0N5,ewsp,!1202_Effect Devil Slam Blue Light,,,,"Aloc,Avul"
e0N7,ewsp,!1202_Effect Laser Blue,,,,"Aloc,Avul"
e0N8,ewsp,!1202_Effect Blue Spring Burst,,,,"Aloc,Avul"
e0N9,ewsp,!1202_Effect Ryoul Laser Particle Blue WIde,,,,"Aloc,Avul"
e0NA,ewsp,!1202_Effect DT Blue Minimalist,,,,"Aloc,Avul"
e0NB,ewsp,!1202_부릉냐,,,,"Aloc,Avul"
e0NC,ewsp,!1203_Effect AZ_LCDark_E,,,,"Aloc,Avul"
e0ND,ewsp,!1203_Effect Baise-Magic-Shousuo,,,,"Aloc,Avul"
e0NE,ewsp,!1203_Effect AZ_Lina(2)_T1_MagicMatrix,,,,"Aloc,Avul"
e0NF,ewsp,!1203_Effect Blue-Zhendi-Ghost-Big,,,,"Aloc,Avul"
e0NG,ewsp,!1203_Effect Blue-Hourglass-Mofa,,,,"Aloc,Avul"
e0NH,ewsp,!1203_Effect Canying,,,,"Aloc,Avul"
e0NI,ewsp,!1203_Effect Blue-Texiao-Xuanzhuan,,,,"Aloc,Avul"
e0NJ,ewsp,!1203_Effect Sprint_Cast_Base,,,,"Aloc,Avul"
e0NK,ewsp,!1203_Effect [Sepll]Linasun _T2_Blast Blue,,,,"Aloc,Avul"
e0NL,ewsp,!1203_Conflagrate Blue__90,,,,"Aloc,Avul"
e0NM,ewsp,!1203_Effect Shinratensei Blue,,,,"Aloc,Avul"
e0NN,ewsp,!1203_Effect Air Cannon,,,,"Aloc,Avul"
e0NO,ewsp,"!1203,!1210_Effect Dust Wave Rune",,,,"Aloc,Avul"
e0NP,ewsp,!1203_Effect Dust Wave Rune__90,,,,"Aloc,Avul"
e0NQ,ewsp,!1203_Effect Dota2 War Stomp Caster Green__90,,,,"Aloc,Avul"
e0NR,ewsp,!1203_Effect Hit Wave__90,,,,"Aloc,Avul"
e0NS,ewsp,!1204_Effect DT,,,,"Aloc,Avul"
e0NT,ewsp,!1205_Effect Blue-Zhendi-Ryougi-Big,,,,"Aloc,Avul"
e0NU,ewsp,!1205_Effect Pieces,,,,"Aloc,Avul"
e0NV,ewsp,!1205_Effect BYDG,,,,"Aloc,Avul"
e0NW,ewsp,!1205_Effect AZ_Magina[2]_B,,,,"Aloc,Avul"
e0NX,ewsp,!1205_Effect Ryoul ShootGB1,,,,"Aloc,Avul"
e0NY,ewsp,!1205_Effect GameBABY_mdx_lingzifengbao_001 Blue,,,,"Aloc,Avul"
e0O1,ewsp,!1206_Effect JDP White Flash,,,,"Aloc,Avul"
e0O2,ewsp,!1206_Effect Blessing of Moon White,,,,"Aloc,Avul"
e0O3,ewsp,!1206_Effect AZ_Shockwave23 White,,,,"Aloc,Avul"
e0O4,ewsp,!1206_Effect Byakuya Wing,,,,"Aloc,Avul"
e0O5,ewsp,!1206_Effect Dead Spirit White,,,,"Aloc,Avul"
e0O6,ewsp,!1206_Effect AZ_Shockwave Light,,,,"Aloc,Avul"
e0O7,ewsp,!1206_Effect Ancientexplode Pink,,,,"Aloc,Avul"
e0O8,ewsp,!1206_Effect AZ_Firering Pink,,,,"Aloc,Avul"
e0O9,ewsp,!1207_Effect AZ_Meteor Explosion Green,,,,"Aloc,Avul"
e0OA,ewsp,!1207_Effect DT Green,,,,"Aloc,Avul"
e0OB,ewsp,!1207_Effect AZ_Warstormp,,,,"Aloc,Avul"
e0OC,ewsp,!1207_Effect Dust Tail Thic,,,,"Aloc,Avul"
e0OD,ewsp,!1207_Effect Dota2 Impale Target Ground,,,,"Aloc,Avul"
e0OE,ewsp,!1208_Effect Purification Caster Yellow,,,,"Aloc,Avul"
e0OF,ewsp,!1208_Effect BY_Wood_Eff_Ord_DanGe_Dus_Kuosan_1_1_1,,,,"Aloc,Avul"
e0OG,ewsp,!1209_Effect CharmTarget Purple,,,,"Aloc,Avul"
e0OI,ewsp,!1209_Effect AZ_F095_1,,,,"Aloc,Avul"
e0OJ,ewsp,!1209_Effect Yukari Train,,,,"Aloc,Avul"
e0OK,ewsp,!1209_Effect Yukari Train__90,,,,"Aloc,Avul"
e0OL,ewsp,!1209_Effect Explosion,,,,"Aloc,Avul"
e0OM,ewsp,!1209_Effect AZ_D020_1 Purple,,,,"Aloc,Avul"
e0ON,ewsp,!1209_Effect Slam Purple,,,,"A17S,Aloc,Avul"
e0OO,ewsp,!1209_Effect AZ_Dimen,,,,"Aloc,Avul"
e0OP,ewsp,!1209_Effect AZ_Sorceresspf_T2 Purple,,,,"Aloc,Avul"
e0OQ,ewsp,!1209_Effect AerialExplosionV3 Purple,,,,"Aloc,Avul"
e0OR,ewsp,!1209_Effect Mythic_Void Teleport Target__90,,,,"Aloc,Avul"
e0OS,ewsp,!1209_Effect Mythic_Heal Purple__90,,,,"Aloc,Avul"
e0OU,ewsp,!1209_Effect Attack Wood Purple,,,,"Aloc,Avul"
e0OV,ewsp,!1209_Effect Spring Burst Purple,,,,"Aloc,Avul"
e0OW,ewsp,!1209_Effect Laser Purple__90,,,,"Aloc,Avul"
e0OX,ewsp,!1210_AZ_CMpink_F_OriginMage,,,,"Aloc,Avul"
e0OY,ewsp,!1210_Culling Slash Pink,,,,"Aloc,Avul"
e0OZ,ewsp,!1210_55,,,,"Aloc,Avul"
e0P0,ewsp,!1211_Vinz Nova Arcane,,,,"Aloc,Avul"
e0P1,ewsp,!1211_BlackHole,,,,"Aloc,Avul"
e0P2,ewsp,!1211_Ao160%,,,,"Aloc,Avul"
e0P3,ewsp,!1211_FortressDeathx2,,,,"Aloc,Avul"
e0P4,ewsp,!1211_Aka160%,,,,"Aloc,Avul"
e0P5,ewsp,!1211_AZ_BHSickle_J_right1,,,,"Aloc,Avul"
e0P6,ewsp,!1211_Mr.War3_JSSXL,,,,"Aloc,Avul"
e0P7,ewsp,!1211_pong2SS,,,,"Aloc,Avul"
e0P8,ewsp,!1211_Murasaki300%,,,,"Aloc,Avul"
e0P9,ewsp,!1211_BY_Wood_Effect_Order_MoBai_Dev_DiLieQuan_diliequan,,,,"Aloc,Avul"
e0PA,ewsp,!1212_tx-shqy10-E,,,,"Aloc,Avul"
e0PB,ewsp,!1212_Smoke_Guni,,,,"Aloc,Avul"
e0PC,ewsp,!1212_snipe_sj,,,,"Aloc,Avul"
e0PD,ewsp,!1212_AZ_EarthShaker_E1szup,,,,"Aloc,Avul"
e0PE,ewsp,!1212_Air,,,,"Aloc,Avul"
e0PF,ewsp,!1212_AZ_Sniper(2)_R,,,,"Aloc,Avul"
e0PG,ewsp,!1212_bullet,,,,"Aloc,Avul"
e0PH,ewsp,!1212_BY_Wood_Eff_Buf_Int_Diz_1__90,,,,"Aloc,Avul"
e0PI,ewsp,!1211_BlackPlane,,,,"Aloc,Avul"
e0PJ,ewsp,!1213_Sans999,,,,"Aloc,Avul"
e0PK,ewsp,!1213_Sans99999,,,,"Aloc,Avul"
e0PL,ewsp,!1213_SansK,,,,"Aloc,Avul"
e0PM,ewsp,!1213_Rimuru-17,,,,"Aloc,Avul"
e0PN,ewsp,!1213_EV-qilangKsblue,,,,"Aloc,Avul"
e0PO,ewsp,!1213_ZK_BM_Red knife shine4-Blue-1__45,,,,"Aloc,Avul"
e0PP,ewsp,!1213_ZK_BM_Red knife shine4-Blue-1,,,,"Aloc,Avul"
e0PQ,ewsp,!1213_BlusFlashz,,,,"Aloc,Avul"
h0BW,hrif,카이도 - 불멸 ,,1.41,,"A0PC,A0PL,A0OG,A905,A0PX,A0PY,A0Q1,A0Q3,Avul,A051"
H0BZ,Hvwd,펑크아트,야마토 - 초월,0.99,,"A0OC,A12Z,A12H,A12G,A12A,A0WP,AInv,A12P,Avul,A07O,A120"
e0PR,ewsp,!0808_16PF_4,,,,"Aloc,Avul"
H0C0,Hvwd,펑크아트,야마토 - 초월,0.92,,"A0OC,A12H,A12G,A12A,A0WP,AInv,A12P,Avul,A07O,A120"
H0C1,hrif,순백의 공주,시라호시 - 초월,0.7,120,"A0WP,AInv,A0RS,A0KZ,A0L1,A0L0,A0L7,Avul,A07O,A120"
h0C2,hrif,한마 유지로 - 신비,,0.71,,"A909,A13I,A0S1,A0QN,A0QJ,A0IJ,A0QU,Avul"
h0C6,hrif,붉은갸라도스 - 초월,,0.9,,"Aloc,Avul"
e0PS,ewsp,!0712_turtle,,,,"Aloc,Avul"
h0C8,hrif,레오 - 전설,,5.0,,"A0OV,A0VI,A0II,Avul,A0QF"
